Using pre-set license
Built from '2021.3/staging' branch; Version is '2021.3.6f1 (7da38d85baf6) revision 8233869'; Using compiler version '192829333'; Build Type 'Release'
OS: 'Windows 10  (10.0.19045) 64bit Core' Language: 'ru' Physical Memory: 16227 MB
BatchMode: 1, IsHumanControllingUs: 0, StartBugReporterOnCrash: 0, Is64bit: 1, IsPro: 1

COMMAND LINE ARGUMENTS:
E:\Programs\Unity Editor\2021.3.6f1\Editor\Unity.exe
-adb2
-batchMode
-noUpm
-name
AssetImportWorker8
-projectPath
D:/Documents & projects/Unity projects/Project_TopDown/TopDownArena
-logFile
Logs/AssetImportWorker8.log
-srvPort
58579
Successfully changed project path to: D:/Documents & projects/Unity projects/Project_TopDown/TopDownArena
D:/Documents & projects/Unity projects/Project_TopDown/TopDownArena
[UnityMemory] Configuration Parameters - Can be set up in boot.config
    "memorysetup-bucket-allocator-granularity=16"
    "memorysetup-bucket-allocator-bucket-count=8"
    "memorysetup-bucket-allocator-block-size=33554432"
    "memorysetup-bucket-allocator-block-count=8"
    "memorysetup-main-allocator-block-size=16777216"
    "memorysetup-thread-allocator-block-size=16777216"
    "memorysetup-gfx-main-allocator-block-size=16777216"
    "memorysetup-gfx-thread-allocator-block-size=16777216"
    "memorysetup-cache-allocator-block-size=4194304"
    "memorysetup-typetree-allocator-block-size=2097152"
    "memorysetup-profiler-bucket-allocator-granularity=16"
    "memorysetup-profiler-bucket-allocator-bucket-count=8"
    "memorysetup-profiler-bucket-allocator-block-size=33554432"
    "memorysetup-profiler-bucket-allocator-block-count=8"
    "memorysetup-profiler-allocator-block-size=16777216"
    "memorysetup-profiler-editor-allocator-block-size=1048576"
    "memorysetup-temp-allocator-size-main=16777216"
    "memorysetup-job-temp-allocator-block-size=2097152"
    "memorysetup-job-temp-allocator-block-size-background=1048576"
    "memorysetup-job-temp-allocator-reduction-small-platforms=262144"
    "memorysetup-temp-allocator-size-background-worker=32768"
    "memorysetup-temp-allocator-size-job-worker=262144"
    "memorysetup-temp-allocator-size-preload-manager=33554432"
    "memorysetup-temp-allocator-size-nav-mesh-worker=65536"
    "memorysetup-temp-allocator-size-audio-worker=65536"
    "memorysetup-temp-allocator-size-cloud-worker=32768"
    "memorysetup-temp-allocator-size-gi-baking-worker=262144"
    "memorysetup-temp-allocator-size-gfx=262144"
Refreshing native plugins compatible for Editor in 138.64 ms, found 3 plugins.
Preloading 0 native plugins for Editor in 0.00 ms.
Initialize engine version: 2021.3.6f1 (7da38d85baf6)
[Subsystems] Discovering subsystems at path E:/Programs/Unity Editor/2021.3.6f1/Editor/Data/Resources/UnitySubsystems
[Subsystems] Discovering subsystems at path D:/Documents & projects/Unity projects/Project_TopDown/TopDownArena/Assets
GfxDevice: creating device client; threaded=0; jobified=0
Direct3D:
    Version:  Direct3D 11.0 [level 11.1]
    Renderer: NVIDIA GeForce RTX 2060 (ID=0x1f11)
    Vendor:   NVIDIA
    VRAM:     5968 MB
    Driver:   31.0.15.2756
Initialize mono
Mono path[0] = 'E:/Programs/Unity Editor/2021.3.6f1/Editor/Data/Managed'
Mono path[1] = 'E:/Programs/Unity Editor/2021.3.6f1/Editor/Data/MonoBleedingEdge/lib/mono/unityjit-win32'
Mono config path = 'E:/Programs/Unity Editor/2021.3.6f1/Editor/Data/MonoBleedingEdge/etc'
Using monoOptions --debugger-agent=transport=dt_socket,embedding=1,server=y,suspend=n,address=127.0.0.1:56624
Begin MonoManager ReloadAssembly
Registering precompiled unity dll's ...
Register platform support module: E:/Programs/Unity Editor/2021.3.6f1/Editor/Data/PlaybackEngines/WebGLSupport/UnityEditor.WebGL.Extensions.dll
Register platform support module: E:/Programs/Unity Editor/2021.3.6f1/Editor/Data/PlaybackEngines/WindowsStandaloneSupport/UnityEditor.WindowsStandalone.Extensions.dll
Registered in 0.003089 seconds.
Native extension for WindowsStandalone target not found
Native extension for WebGL target not found
Refreshing native plugins compatible for Editor in 131.39 ms, found 3 plugins.
Preloading 0 native plugins for Editor in 0.00 ms.
Mono: successfully reloaded assembly
- Completed reload, in  0.625 seconds
Domain Reload Profiling:
	ReloadAssembly (626ms)
		BeginReloadAssembly (65ms)
			ExecutionOrderSort (0ms)
			DisableScriptedObjects (0ms)
			BackupInstance (0ms)
			ReleaseScriptingObjects (0ms)
			CreateAndSetChildDomain (1ms)
		EndReloadAssembly (463ms)
			LoadAssemblies (64ms)
			RebuildTransferFunctionScriptingTraits (0ms)
			SetupTypeCache (99ms)
			ReleaseScriptCaches (0ms)
			RebuildScriptCaches (25ms)
			SetupLoadedEditorAssemblies (295ms)
				LogAssemblyErrors (0ms)
				InitializePlatformSupportModulesInManaged (7ms)
				SetLoadedEditorAssemblies (0ms)
				RefreshPlugins (132ms)
				BeforeProcessingInitializeOnLoad (1ms)
				ProcessInitializeOnLoadAttributes (115ms)
				ProcessInitializeOnLoadMethodAttributes (40ms)
				AfterProcessingInitializeOnLoad (0ms)
				EditorAssembliesLoaded (0ms)
			ExecutionOrderSort2 (0ms)
			AwakeInstancesAfterBackupRestoration (0ms)
Platform modules already initialized, skipping
Registering precompiled user dll's ...
Registered in 0.008423 seconds.
Begin MonoManager ReloadAssembly
Symbol file LoadedFromMemory doesn't match image D:\Documents & projects\Unity projects\Project_TopDown\TopDownArena\Library\PackageCache\com.unity.visualscripting@1.7.8\Editor\VisualScripting.Core\Dependencies\YamlDotNet\Unity.VisualScripting.YamlDotNet.dll
Symbol file LoadedFromMemory doesn't match image D:\Documents & projects\Unity projects\Project_TopDown\TopDownArena\Library\PackageCache\com.unity.visualscripting@1.7.8\Editor\VisualScripting.Core\Dependencies\DotNetZip\Unity.VisualScripting.IonicZip.dll
Native extension for WindowsStandalone target not found
Native extension for WebGL target not found
Refreshing native plugins compatible for Editor in 135.40 ms, found 3 plugins.
Preloading 0 native plugins for Editor in 0.00 ms.
System.Exception: Error! Visual Scripting: couldn't find visual scripting package
  at Unity.VisualScripting.PackageVersionUtility.get_version () [0x00043] in D:\Documents & projects\Unity projects\Project_TopDown\TopDownArena\Library\PackageCache\com.unity.visualscripting@1.7.8\Editor\VisualScripting.Core\Utilities\PackageVersionUtility.cs:31 
  at Unity.VisualScripting.BoltCoreManifest.get_version () [0x00000] in D:\Documents & projects\Unity projects\Project_TopDown\TopDownArena\Library\PackageCache\com.unity.visualscripting@1.7.8\Editor\VisualScripting.Core\Plugin\BoltCoreManifest.cs:11 
  at Unity.VisualScripting.PluginManifest.get_currentVersion () [0x00000] in D:\Documents & projects\Unity projects\Project_TopDown\TopDownArena\Library\PackageCache\com.unity.visualscripting@1.7.8\Editor\VisualScripting.Core\Plugins\PluginManifest.cs:33 
  at Unity.VisualScripting.PluginManifest.get_versionMismatch () [0x00000] in D:\Documents & projects\Unity projects\Project_TopDown\TopDownArena\Library\PackageCache\com.unity.visualscripting@1.7.8\Editor\VisualScripting.Core\Plugins\PluginManifest.cs:48 
  at Unity.VisualScripting.PluginContainer.Initialize () [0x00525] in D:\Documents & projects\Unity projects\Project_TopDown\TopDownArena\Library\PackageCache\com.unity.visualscripting@1.7.8\Editor\VisualScripting.Core\Plugins\PluginContainer.cs:208 
  at Unity.VisualScripting.PluginContainer.InitializeOnLoad () [0x00009] in D:\Documents & projects\Unity projects\Project_TopDown\TopDownArena\Library\PackageCache\com.unity.visualscripting@1.7.8\Editor\VisualScripting.Core\Plugins\PluginContainer.cs:32 
  at Unity.VisualScripting.VSUsageUtility.DoInitializeOnLoadCalls () [0x00034] in D:\Documents & projects\Unity projects\Project_TopDown\TopDownArena\Library\PackageCache\com.unity.visualscripting@1.7.8\Editor\VisualScripting.Core\Utilities\VSUsageUtility.cs:76 
  at Unity.VisualScripting.VSUsageUtility.set_isVisualScriptingUsed (System.Boolean value) [0x0002c] in D:\Documents & projects\Unity projects\Project_TopDown\TopDownArena\Library\PackageCache\com.unity.visualscripting@1.7.8\Editor\VisualScripting.Core\Utilities\VSUsageUtility.cs:114 
  at Unity.VisualScripting.VSUsageUtility.CheckAndSetIsVisualScriptingUsed () [0x00032] in D:\Documents & projects\Unity projects\Project_TopDown\TopDownArena\Library\PackageCache\com.unity.visualscripting@1.7.8\Editor\VisualScripting.Core\Utilities\VSUsageUtility.cs:48 
  at Unity.VisualScripting.VSUsageUtility..cctor () [0x00000] in D:\Documents & projects\Unity projects\Project_TopDown\TopDownArena\Library\PackageCache\com.unity.visualscripting@1.7.8\Editor\VisualScripting.Core\Utilities\VSUsageUtility.cs:22 
UnityEngine.StackTraceUtility:ExtractStackTrace ()
UnityEngine.DebugLogHandler:LogFormat (UnityEngine.LogType,UnityEngine.Object,string,object[])
UnityEngine.Logger:Log (UnityEngine.LogType,object)
UnityEngine.Debug:LogError (object)
UnityEditor.EditorAssemblies:ProcessInitializeOnLoadAttributes (System.Type[])

Mono: successfully reloaded assembly
- Completed reload, in  1.888 seconds
Domain Reload Profiling:
	ReloadAssembly (1888ms)
		BeginReloadAssembly (98ms)
			ExecutionOrderSort (0ms)
			DisableScriptedObjects (5ms)
			BackupInstance (0ms)
			ReleaseScriptingObjects (0ms)
			CreateAndSetChildDomain (18ms)
		EndReloadAssembly (1685ms)
			LoadAssemblies (96ms)
			RebuildTransferFunctionScriptingTraits (0ms)
			SetupTypeCache (330ms)
			ReleaseScriptCaches (1ms)
			RebuildScriptCaches (88ms)
			SetupLoadedEditorAssemblies (1131ms)
				LogAssemblyErrors (0ms)
				InitializePlatformSupportModulesInManaged (4ms)
				SetLoadedEditorAssemblies (0ms)
				RefreshPlugins (135ms)
				BeforeProcessingInitializeOnLoad (138ms)
				ProcessInitializeOnLoadAttributes (785ms)
				ProcessInitializeOnLoadMethodAttributes (66ms)
				AfterProcessingInitializeOnLoad (3ms)
				EditorAssembliesLoaded (0ms)
			ExecutionOrderSort2 (0ms)
			AwakeInstancesAfterBackupRestoration (5ms)
Platform modules already initialized, skipping
========================================================================
Worker process is ready to serve import requests
Launched and connected shader compiler UnityShaderCompiler.exe after 0.18 seconds
Refreshing native plugins compatible for Editor in 1.09 ms, found 3 plugins.
Preloading 0 native plugins for Editor in 0.00 ms.
Unloading 6317 Unused Serialized files (Serialized files now loaded: 0)
Unloading 68 unused Assets / (2.7 MB). Loaded Objects now: 6807.
Memory consumption went from 335.7 MB to 333.0 MB.
Total: 14.077500 ms (FindLiveObjects: 0.464000 ms CreateObjectMapping: 0.401300 ms MarkObjects: 12.614700 ms  DeleteObjects: 0.596800 ms)

AssetImportParameters requested are different than current active one (requested -> active):
  custom:video-decoder-ogg-theora: a1e56fd34408186e4bbccfd4996cb3dc -> 
  custom:container-muxer-webm: aa71ff27fc2769a1b78a27578f13a17b -> 
  custom:container-demuxer-webm: 4f35f7cbe854078d1ac9338744f61a02 -> 
  custom:video-encoder-webm-vp8: eb34c28f22e8b96e1ab97ce403110664 -> 
  custom:audio-encoder-webm-vorbis: bf7c407c2cedff20999df2af8eb42d56 -> 
  custom:framework-win-MediaFoundation: 216162199b28c13a410421893ffa2e32 -> 
  custom:container-demuxer-ogg: 62fdf1f143b41e24485cea50d1cbac27 -> 
  custom:video-decoder-webm-vp8: 9c59270c3fd7afecdb556c50c9e8de78 -> 
  custom:audio-decoder-ogg-vorbis: bf7c407c2cedff20999df2af8eb42d56 -> 
========================================================================
Received Import Request.
  Time since last request: 208159.727572 seconds.
  path: Assets/Models
  artifactKey: Guid(1de66fb3094697942bf0bdd350958d24) Importer(815301076,1909f56bfc062723c751e8b465ee728b)
Start importing Assets/Models using Guid(1de66fb3094697942bf0bdd350958d24) Importer(815301076,1909f56bfc062723c751e8b465ee728b)  -> (artifact id: 'b40fd091677bef13af8cdf2b0e1b57b6') in 0.015109 seconds 
========================================================================
Received Import Request.
  Time since last request: 156.857900 seconds.
  path: Assets/Shared/Ramps/Editor
  artifactKey: Guid(f49557bd9b919451fb05ad3e9855bce9) Importer(815301076,1909f56bfc062723c751e8b465ee728b)
Start importing Assets/Shared/Ramps/Editor using Guid(f49557bd9b919451fb05ad3e9855bce9) Importer(815301076,1909f56bfc062723c751e8b465ee728b)  -> (artifact id: '08789c28a523704934c36798ff6f4d0d') in 0.006749 seconds 
========================================================================
Received Import Request.
  Time since last request: 1.306984 seconds.
  path: Assets/Shared/Ramps/Runtime
  artifactKey: Guid(043362eb87bb040648a7d956a077ae26) Importer(815301076,1909f56bfc062723c751e8b465ee728b)
Start importing Assets/Shared/Ramps/Runtime using Guid(043362eb87bb040648a7d956a077ae26) Importer(815301076,1909f56bfc062723c751e8b465ee728b)  -> (artifact id: '59c0bd5b0d24b417b4ae363c2ec64ffd') in 0.006417 seconds 
========================================================================
Received Import Request.
  Time since last request: 10.761571 seconds.
  path: Assets/Plugins/Banana Yellow Games/Characters
  artifactKey: Guid(81a68b46cc3e00f4fb93b2c8b3d1323d) Importer(815301076,1909f56bfc062723c751e8b465ee728b)
Start importing Assets/Plugins/Banana Yellow Games/Characters using Guid(81a68b46cc3e00f4fb93b2c8b3d1323d) Importer(815301076,1909f56bfc062723c751e8b465ee728b)  -> (artifact id: 'f21b95d9b72f6e2f224c5f74c2c60067') in 0.128142 seconds 
========================================================================
Received Import Request.
  Time since last request: 0.381346 seconds.
  path: Assets/Plugins/Banana Yellow Games/Characters/Banana Man
  artifactKey: Guid(fc0b9dcc7b02fdc4c8be4203cbf9c95a) Importer(815301076,1909f56bfc062723c751e8b465ee728b)
Start importing Assets/Plugins/Banana Yellow Games/Characters/Banana Man using Guid(fc0b9dcc7b02fdc4c8be4203cbf9c95a) Importer(815301076,1909f56bfc062723c751e8b465ee728b)  -> (artifact id: '837918c8f03ab6f1c1652666419e1552') in 0.006228 seconds 
========================================================================
Received Import Request.
  Time since last request: 11.119664 seconds.
  path: Assets/Thirdparty/TextMesh Pro/Resources/Fonts & Materials/LiberationSans SDF - Drop Shadow.mat
  artifactKey: Guid(e73a58f6e2794ae7b1b7e50b7fb811b0) Importer(815301076,1909f56bfc062723c751e8b465ee728b)
Start importing Assets/Thirdparty/TextMesh Pro/Resources/Fonts & Materials/LiberationSans SDF - Drop Shadow.mat using Guid(e73a58f6e2794ae7b1b7e50b7fb811b0) Importer(815301076,1909f56bfc062723c751e8b465ee728b)  -> (artifact id: '2da7b031828a10d5f3fa02971a677831') in 0.544168 seconds 
========================================================================
Received Import Request.
  Time since last request: 0.000026 seconds.
  path: Assets/Thirdparty/TextMesh Pro/Resources/Fonts & Materials/LiberationSans SDF - Fallback.asset
  artifactKey: Guid(2e498d1c8094910479dc3e1b768306a4) Importer(815301076,1909f56bfc062723c751e8b465ee728b)
Start importing Assets/Thirdparty/TextMesh Pro/Resources/Fonts & Materials/LiberationSans SDF - Fallback.asset using Guid(2e498d1c8094910479dc3e1b768306a4) Importer(815301076,1909f56bfc062723c751e8b465ee728b)  -> (artifact id: '66aa035f5724fc9fa4a14acb51a6c165') in 0.229403 seconds 
========================================================================
Received Import Request.
  Time since last request: 59.633981 seconds.
  path: Assets/Inventory system/ITEM_TEST_Green.prefab
  artifactKey: Guid(b30a6f220f81bee4fb8808439c61b119) Importer(815301076,1909f56bfc062723c751e8b465ee728b)
Start importing Assets/Inventory system/ITEM_TEST_Green.prefab using Guid(b30a6f220f81bee4fb8808439c61b119) Importer(815301076,1909f56bfc062723c751e8b465ee728b)  -> (artifact id: '3bf429389535f12f579eb5bbe7bcbae6') in 0.406170 seconds 
========================================================================
Received Import Request.
  Time since last request: 0.000025 seconds.
  path: Assets/Inventory system/PREF_RifleItem.prefab
  artifactKey: Guid(b6abb6f1a75936a43aedfafe0dc3e16e) Importer(815301076,1909f56bfc062723c751e8b465ee728b)
Start importing Assets/Inventory system/PREF_RifleItem.prefab using Guid(b6abb6f1a75936a43aedfafe0dc3e16e) Importer(815301076,1909f56bfc062723c751e8b465ee728b) Tried select unknown importer for id '-2' '00000000000000000000000000000000'
 -> (artifact id: '37a41a0400c3b59658cc9a04de8a2e16') in 0.826157 seconds 
========================================================================
Received Import Request.
  Time since last request: 0.000032 seconds.
  path: Assets/Inventory system/ITEM_TEST_Pink.prefab
  artifactKey: Guid(9032ba33769953441b2fdac0c2e53682) Importer(815301076,1909f56bfc062723c751e8b465ee728b)
Start importing Assets/Inventory system/ITEM_TEST_Pink.prefab using Guid(9032ba33769953441b2fdac0c2e53682) Importer(815301076,1909f56bfc062723c751e8b465ee728b)  -> (artifact id: '419e09dbdfd00cf0508ffe02a7544e58') in 0.051314 seconds 
========================================================================
Received Import Request.
  Time since last request: 0.756559 seconds.
  path: Assets/Inventory system/12313123131313123.anim
  artifactKey: Guid(2c2eb54a9035f234f8b7878d747b97ab) Importer(815301076,1909f56bfc062723c751e8b465ee728b)
Start importing Assets/Inventory system/12313123131313123.anim using Guid(2c2eb54a9035f234f8b7878d747b97ab) Importer(815301076,1909f56bfc062723c751e8b465ee728b)  -> (artifact id: '4d65d1bff7657842aa04056ce770aa77') in 0.007403 seconds 
========================================================================
Received Import Request.
  Time since last request: 243.606181 seconds.
  path: Assets/ScriptableObjects
  artifactKey: Guid(2a7c26d299a95b042af09a5b66119568) Importer(815301076,1909f56bfc062723c751e8b465ee728b)
Start importing Assets/ScriptableObjects using Guid(2a7c26d299a95b042af09a5b66119568) Importer(815301076,1909f56bfc062723c751e8b465ee728b)  -> (artifact id: 'c51f254cb663f38a2d89dc45761ffcb3') in 0.007739 seconds 
========================================================================
Received Import Request.
  Time since last request: 10.704304 seconds.
  path: Assets/Audio/CharacterFX/FootstepsSound/Concrete.asset
  artifactKey: Guid(ab9e4bed4162252418e96bf0981a7a98) Importer(815301076,1909f56bfc062723c751e8b465ee728b)
Start importing Assets/Audio/CharacterFX/FootstepsSound/Concrete.asset using Guid(ab9e4bed4162252418e96bf0981a7a98) Importer(815301076,1909f56bfc062723c751e8b465ee728b)  -> (artifact id: 'd4cc4f80791ab436ce36040fed3094bc') in 0.058700 seconds 
========================================================================
Received Import Request.
  Time since last request: 20.610739 seconds.
  path: Assets/ScriptableObjects/FootstepsSounds
  artifactKey: Guid(7c1df51aed322344bb056596d16f681a) Importer(815301076,1909f56bfc062723c751e8b465ee728b)
Start importing Assets/ScriptableObjects/FootstepsSounds using Guid(7c1df51aed322344bb056596d16f681a) Importer(815301076,1909f56bfc062723c751e8b465ee728b)  -> (artifact id: '2f093b26a34b4b030331426f11da53ac') in 0.005566 seconds 
========================================================================
Received Import Request.
  Time since last request: 54.508795 seconds.
  path: Assets/Textures
  artifactKey: Guid(03e27121a71ae234dbe08561d829439d) Importer(815301076,1909f56bfc062723c751e8b465ee728b)
Start importing Assets/Textures using Guid(03e27121a71ae234dbe08561d829439d) Importer(815301076,1909f56bfc062723c751e8b465ee728b)  -> (artifact id: '77075c45f84cc6fb5a4217a8f6291187') in 0.005347 seconds 
========================================================================
Received Import Request.
  Time since last request: 22.153510 seconds.
  path: Assets/Editor
  artifactKey: Guid(5ad3c4dd20366bf4e977bd08d5b29dc9) Importer(815301076,1909f56bfc062723c751e8b465ee728b)
Start importing Assets/Editor using Guid(5ad3c4dd20366bf4e977bd08d5b29dc9) Importer(815301076,1909f56bfc062723c751e8b465ee728b)  -> (artifact id: 'fa47de547ac5c81ceed0c0fd55024963') in 0.002172 seconds 
========================================================================
Received Import Request.
  Time since last request: 16.055698 seconds.
  path: Assets/GameObjectBrush
  artifactKey: Guid(e5fbe1012a27e694e9389f48515d3a5d) Importer(815301076,1909f56bfc062723c751e8b465ee728b)
Start importing Assets/GameObjectBrush using Guid(e5fbe1012a27e694e9389f48515d3a5d) Importer(815301076,1909f56bfc062723c751e8b465ee728b)  -> (artifact id: '0f945993e65b53d39af0545551e2866f') in 0.006102 seconds 
========================================================================
Received Import Request.
  Time since last request: 113.018340 seconds.
  path: Assets/Inventory system/SCRIPT_PickableObject.cs
  artifactKey: Guid(65dfbd2eedc5bbe459ef82c9c047095e) Importer(815301076,1909f56bfc062723c751e8b465ee728b)
Start importing Assets/Inventory system/SCRIPT_PickableObject.cs using Guid(65dfbd2eedc5bbe459ef82c9c047095e) Importer(815301076,1909f56bfc062723c751e8b465ee728b)  -> (artifact id: '5305c520d37fc2af182b64e139b83d8e') in 0.109172 seconds 
========================================================================
Received Prepare
Registering precompiled user dll's ...
Registered in 0.008219 seconds.
Begin MonoManager ReloadAssembly
Symbol file LoadedFromMemory doesn't match image D:\Documents & projects\Unity projects\Project_TopDown\TopDownArena\Library\PackageCache\com.unity.visualscripting@1.7.8\Editor\VisualScripting.Core\Dependencies\YamlDotNet\Unity.VisualScripting.YamlDotNet.dll
Symbol file LoadedFromMemory doesn't match image D:\Documents & projects\Unity projects\Project_TopDown\TopDownArena\Library\PackageCache\com.unity.visualscripting@1.7.8\Editor\VisualScripting.Core\Dependencies\DotNetZip\Unity.VisualScripting.IonicZip.dll
Native extension for WindowsStandalone target not found
Native extension for WebGL target not found
Refreshing native plugins compatible for Editor in 1.68 ms, found 3 plugins.
Preloading 0 native plugins for Editor in 0.00 ms.
System.Exception: Error! Visual Scripting: couldn't find visual scripting package
  at Unity.VisualScripting.PackageVersionUtility.get_version () [0x00043] in D:\Documents & projects\Unity projects\Project_TopDown\TopDownArena\Library\PackageCache\com.unity.visualscripting@1.7.8\Editor\VisualScripting.Core\Utilities\PackageVersionUtility.cs:31 
  at Unity.VisualScripting.BoltCoreManifest.get_version () [0x00000] in D:\Documents & projects\Unity projects\Project_TopDown\TopDownArena\Library\PackageCache\com.unity.visualscripting@1.7.8\Editor\VisualScripting.Core\Plugin\BoltCoreManifest.cs:11 
  at Unity.VisualScripting.PluginManifest.get_currentVersion () [0x00000] in D:\Documents & projects\Unity projects\Project_TopDown\TopDownArena\Library\PackageCache\com.unity.visualscripting@1.7.8\Editor\VisualScripting.Core\Plugins\PluginManifest.cs:33 
  at Unity.VisualScripting.PluginManifest.get_versionMismatch () [0x00000] in D:\Documents & projects\Unity projects\Project_TopDown\TopDownArena\Library\PackageCache\com.unity.visualscripting@1.7.8\Editor\VisualScripting.Core\Plugins\PluginManifest.cs:48 
  at Unity.VisualScripting.PluginContainer.Initialize () [0x00525] in D:\Documents & projects\Unity projects\Project_TopDown\TopDownArena\Library\PackageCache\com.unity.visualscripting@1.7.8\Editor\VisualScripting.Core\Plugins\PluginContainer.cs:208 
  at Unity.VisualScripting.PluginContainer.InitializeOnLoad () [0x00009] in D:\Documents & projects\Unity projects\Project_TopDown\TopDownArena\Library\PackageCache\com.unity.visualscripting@1.7.8\Editor\VisualScripting.Core\Plugins\PluginContainer.cs:32 
  at Unity.VisualScripting.VSUsageUtility.DoInitializeOnLoadCalls () [0x00034] in D:\Documents & projects\Unity projects\Project_TopDown\TopDownArena\Library\PackageCache\com.unity.visualscripting@1.7.8\Editor\VisualScripting.Core\Utilities\VSUsageUtility.cs:76 
  at Unity.VisualScripting.VSUsageUtility.set_isVisualScriptingUsed (System.Boolean value) [0x0002c] in D:\Documents & projects\Unity projects\Project_TopDown\TopDownArena\Library\PackageCache\com.unity.visualscripting@1.7.8\Editor\VisualScripting.Core\Utilities\VSUsageUtility.cs:114 
  at Unity.VisualScripting.VSUsageUtility.CheckAndSetIsVisualScriptingUsed () [0x0000d] in D:\Documents & projects\Unity projects\Project_TopDown\TopDownArena\Library\PackageCache\com.unity.visualscripting@1.7.8\Editor\VisualScripting.Core\Utilities\VSUsageUtility.cs:33 
  at Unity.VisualScripting.VSUsageUtility..cctor () [0x00000] in D:\Documents & projects\Unity projects\Project_TopDown\TopDownArena\Library\PackageCache\com.unity.visualscripting@1.7.8\Editor\VisualScripting.Core\Utilities\VSUsageUtility.cs:22 
UnityEngine.StackTraceUtility:ExtractStackTrace ()
UnityEngine.DebugLogHandler:LogFormat (UnityEngine.LogType,UnityEngine.Object,string,object[])
UnityEngine.Logger:Log (UnityEngine.LogType,object)
UnityEngine.Debug:LogError (object)
UnityEditor.EditorAssemblies:ProcessInitializeOnLoadAttributes (System.Type[])

Mono: successfully reloaded assembly
- Completed reload, in  1.950 seconds
Domain Reload Profiling:
	ReloadAssembly (1951ms)
		BeginReloadAssembly (171ms)
			ExecutionOrderSort (0ms)
			DisableScriptedObjects (6ms)
			BackupInstance (0ms)
			ReleaseScriptingObjects (0ms)
			CreateAndSetChildDomain (59ms)
		EndReloadAssembly (1675ms)
			LoadAssemblies (120ms)
			RebuildTransferFunctionScriptingTraits (0ms)
			SetupTypeCache (391ms)
			ReleaseScriptCaches (3ms)
			RebuildScriptCaches (95ms)
			SetupLoadedEditorAssemblies (723ms)
				LogAssemblyErrors (0ms)
				InitializePlatformSupportModulesInManaged (15ms)
				SetLoadedEditorAssemblies (1ms)
				RefreshPlugins (2ms)
				BeforeProcessingInitializeOnLoad (114ms)
				ProcessInitializeOnLoadAttributes (523ms)
				ProcessInitializeOnLoadMethodAttributes (65ms)
				AfterProcessingInitializeOnLoad (3ms)
				EditorAssembliesLoaded (0ms)
			ExecutionOrderSort2 (0ms)
			AwakeInstancesAfterBackupRestoration (6ms)
Platform modules already initialized, skipping
Refreshing native plugins compatible for Editor in 2.76 ms, found 3 plugins.
Preloading 0 native plugins for Editor in 0.00 ms.
Unloading 6215 Unused Serialized files (Serialized files now loaded: 0)
Unloading 49 unused Assets / (2.7 MB). Loaded Objects now: 6869.
Memory consumption went from 331.4 MB to 328.7 MB.
Total: 15.423900 ms (FindLiveObjects: 0.663800 ms CreateObjectMapping: 0.604800 ms MarkObjects: 13.261500 ms  DeleteObjects: 0.892800 ms)

AssetImportParameters requested are different than current active one (requested -> active):
  custom:video-decoder-ogg-theora: a1e56fd34408186e4bbccfd4996cb3dc -> 
  custom:container-muxer-webm: aa71ff27fc2769a1b78a27578f13a17b -> 
  custom:container-demuxer-webm: 4f35f7cbe854078d1ac9338744f61a02 -> 
  custom:video-encoder-webm-vp8: eb34c28f22e8b96e1ab97ce403110664 -> 
  custom:audio-encoder-webm-vorbis: bf7c407c2cedff20999df2af8eb42d56 -> 
  custom:framework-win-MediaFoundation: 216162199b28c13a410421893ffa2e32 -> 
  custom:container-demuxer-ogg: 62fdf1f143b41e24485cea50d1cbac27 -> 
  custom:video-decoder-webm-vp8: 9c59270c3fd7afecdb556c50c9e8de78 -> 
  custom:audio-decoder-ogg-vorbis: bf7c407c2cedff20999df2af8eb42d56 -> 
========================================================================
Received Prepare
Registering precompiled user dll's ...
Registered in 0.007334 seconds.
Begin MonoManager ReloadAssembly
Symbol file LoadedFromMemory doesn't match image D:\Documents & projects\Unity projects\Project_TopDown\TopDownArena\Library\PackageCache\com.unity.visualscripting@1.7.8\Editor\VisualScripting.Core\Dependencies\YamlDotNet\Unity.VisualScripting.YamlDotNet.dll
Symbol file LoadedFromMemory doesn't match image D:\Documents & projects\Unity projects\Project_TopDown\TopDownArena\Library\PackageCache\com.unity.visualscripting@1.7.8\Editor\VisualScripting.Core\Dependencies\DotNetZip\Unity.VisualScripting.IonicZip.dll
Native extension for WindowsStandalone target not found
Native extension for WebGL target not found
Refreshing native plugins compatible for Editor in 1.06 ms, found 3 plugins.
Preloading 0 native plugins for Editor in 0.00 ms.
System.Exception: Error! Visual Scripting: couldn't find visual scripting package
  at Unity.VisualScripting.PackageVersionUtility.get_version () [0x00043] in D:\Documents & projects\Unity projects\Project_TopDown\TopDownArena\Library\PackageCache\com.unity.visualscripting@1.7.8\Editor\VisualScripting.Core\Utilities\PackageVersionUtility.cs:31 
  at Unity.VisualScripting.BoltCoreManifest.get_version () [0x00000] in D:\Documents & projects\Unity projects\Project_TopDown\TopDownArena\Library\PackageCache\com.unity.visualscripting@1.7.8\Editor\VisualScripting.Core\Plugin\BoltCoreManifest.cs:11 
  at Unity.VisualScripting.PluginManifest.get_currentVersion () [0x00000] in D:\Documents & projects\Unity projects\Project_TopDown\TopDownArena\Library\PackageCache\com.unity.visualscripting@1.7.8\Editor\VisualScripting.Core\Plugins\PluginManifest.cs:33 
  at Unity.VisualScripting.PluginManifest.get_versionMismatch () [0x00000] in D:\Documents & projects\Unity projects\Project_TopDown\TopDownArena\Library\PackageCache\com.unity.visualscripting@1.7.8\Editor\VisualScripting.Core\Plugins\PluginManifest.cs:48 
  at Unity.VisualScripting.PluginContainer.Initialize () [0x00525] in D:\Documents & projects\Unity projects\Project_TopDown\TopDownArena\Library\PackageCache\com.unity.visualscripting@1.7.8\Editor\VisualScripting.Core\Plugins\PluginContainer.cs:208 
  at Unity.VisualScripting.PluginContainer.InitializeOnLoad () [0x00009] in D:\Documents & projects\Unity projects\Project_TopDown\TopDownArena\Library\PackageCache\com.unity.visualscripting@1.7.8\Editor\VisualScripting.Core\Plugins\PluginContainer.cs:32 
  at Unity.VisualScripting.VSUsageUtility.DoInitializeOnLoadCalls () [0x00034] in D:\Documents & projects\Unity projects\Project_TopDown\TopDownArena\Library\PackageCache\com.unity.visualscripting@1.7.8\Editor\VisualScripting.Core\Utilities\VSUsageUtility.cs:76 
  at Unity.VisualScripting.VSUsageUtility.set_isVisualScriptingUsed (System.Boolean value) [0x0002c] in D:\Documents & projects\Unity projects\Project_TopDown\TopDownArena\Library\PackageCache\com.unity.visualscripting@1.7.8\Editor\VisualScripting.Core\Utilities\VSUsageUtility.cs:114 
  at Unity.VisualScripting.VSUsageUtility.CheckAndSetIsVisualScriptingUsed () [0x0000d] in D:\Documents & projects\Unity projects\Project_TopDown\TopDownArena\Library\PackageCache\com.unity.visualscripting@1.7.8\Editor\VisualScripting.Core\Utilities\VSUsageUtility.cs:33 
  at Unity.VisualScripting.VSUsageUtility..cctor () [0x00000] in D:\Documents & projects\Unity projects\Project_TopDown\TopDownArena\Library\PackageCache\com.unity.visualscripting@1.7.8\Editor\VisualScripting.Core\Utilities\VSUsageUtility.cs:22 
UnityEngine.StackTraceUtility:ExtractStackTrace ()
UnityEngine.DebugLogHandler:LogFormat (UnityEngine.LogType,UnityEngine.Object,string,object[])
UnityEngine.Logger:Log (UnityEngine.LogType,object)
UnityEngine.Debug:LogError (object)
UnityEditor.EditorAssemblies:ProcessInitializeOnLoadAttributes (System.Type[])

Mono: successfully reloaded assembly
- Completed reload, in  1.905 seconds
Domain Reload Profiling:
	ReloadAssembly (1906ms)
		BeginReloadAssembly (158ms)
			ExecutionOrderSort (0ms)
			DisableScriptedObjects (6ms)
			BackupInstance (0ms)
			ReleaseScriptingObjects (0ms)
			CreateAndSetChildDomain (48ms)
		EndReloadAssembly (1641ms)
			LoadAssemblies (111ms)
			RebuildTransferFunctionScriptingTraits (0ms)
			SetupTypeCache (400ms)
			ReleaseScriptCaches (3ms)
			RebuildScriptCaches (98ms)
			SetupLoadedEditorAssemblies (731ms)
				LogAssemblyErrors (0ms)
				InitializePlatformSupportModulesInManaged (11ms)
				SetLoadedEditorAssemblies (0ms)
				RefreshPlugins (1ms)
				BeforeProcessingInitializeOnLoad (104ms)
				ProcessInitializeOnLoadAttributes (537ms)
				ProcessInitializeOnLoadMethodAttributes (75ms)
				AfterProcessingInitializeOnLoad (3ms)
				EditorAssembliesLoaded (0ms)
			ExecutionOrderSort2 (0ms)
			AwakeInstancesAfterBackupRestoration (7ms)
Platform modules already initialized, skipping
Refreshing native plugins compatible for Editor in 3.19 ms, found 3 plugins.
Preloading 0 native plugins for Editor in 0.00 ms.
Unloading 6215 Unused Serialized files (Serialized files now loaded: 0)
Unloading 46 unused Assets / (2.7 MB). Loaded Objects now: 6886.
Memory consumption went from 331.3 MB to 328.7 MB.
Total: 14.003800 ms (FindLiveObjects: 0.619500 ms CreateObjectMapping: 0.478000 ms MarkObjects: 12.271000 ms  DeleteObjects: 0.634200 ms)

AssetImportParameters requested are different than current active one (requested -> active):
  custom:video-decoder-ogg-theora: a1e56fd34408186e4bbccfd4996cb3dc -> 
  custom:container-muxer-webm: aa71ff27fc2769a1b78a27578f13a17b -> 
  custom:container-demuxer-webm: 4f35f7cbe854078d1ac9338744f61a02 -> 
  custom:video-encoder-webm-vp8: eb34c28f22e8b96e1ab97ce403110664 -> 
  custom:audio-encoder-webm-vorbis: bf7c407c2cedff20999df2af8eb42d56 -> 
  custom:framework-win-MediaFoundation: 216162199b28c13a410421893ffa2e32 -> 
  custom:container-demuxer-ogg: 62fdf1f143b41e24485cea50d1cbac27 -> 
  custom:video-decoder-webm-vp8: 9c59270c3fd7afecdb556c50c9e8de78 -> 
  custom:audio-decoder-ogg-vorbis: bf7c407c2cedff20999df2af8eb42d56 -> 
========================================================================
Received Import Request.
  Time since last request: 248.585494 seconds.
  path: Assets/Player/Camera.prefab
  artifactKey: Guid(a7990cc7f150640449fb5acb12fa4ad9) Importer(815301076,1909f56bfc062723c751e8b465ee728b)
Start importing Assets/Player/Camera.prefab using Guid(a7990cc7f150640449fb5acb12fa4ad9) Importer(815301076,1909f56bfc062723c751e8b465ee728b)  -> (artifact id: '62f2fc525ab05c26dcfb74ced553ed5c') in 0.081026 seconds 
========================================================================
Received Import Request.
  Time since last request: 0.028133 seconds.
  path: Assets/Player/Player.prefab
  artifactKey: Guid(cd226d2e61cf8744f9b77874363c5d90) Importer(815301076,1909f56bfc062723c751e8b465ee728b)
Start importing Assets/Player/Player.prefab using Guid(cd226d2e61cf8744f9b77874363c5d90) Importer(815301076,1909f56bfc062723c751e8b465ee728b) Tried select unknown importer for id '-2' '00000000000000000000000000000000'
 -> (artifact id: 'b678bfc3b1d6c47316431ddf2d30d116') in 0.246118 seconds 
========================================================================
Received Import Request.
  Time since last request: 40.552986 seconds.
  path: Assets/Player/Reloading.anim
  artifactKey: Guid(5164351d14af6944a8b3ed7ae5377a3c) Importer(815301076,1909f56bfc062723c751e8b465ee728b)
Start importing Assets/Player/Reloading.anim using Guid(5164351d14af6944a8b3ed7ae5377a3c) Importer(815301076,1909f56bfc062723c751e8b465ee728b)  -> (artifact id: '0a08eb37e1afd002b88fab16c35f3be4') in 0.157650 seconds 
========================================================================
Received Import Request.
  Time since last request: 6.476604 seconds.
  path: Assets/Player/Breathing Idle.anim
  artifactKey: Guid(a343cedc42bdba44f88f1e574a35bd9b) Importer(815301076,1909f56bfc062723c751e8b465ee728b)
Start importing Assets/Player/Breathing Idle.anim using Guid(a343cedc42bdba44f88f1e574a35bd9b) Importer(815301076,1909f56bfc062723c751e8b465ee728b)  -> (artifact id: 'd509f1df4f8166efc4be897cd07bbcd1') in 0.110338 seconds 
========================================================================
Received Import Request.
  Time since last request: 57.545442 seconds.
  path: Assets/Props and Items/ITEM_TEMP_AmmoCrate.prefab
  artifactKey: Guid(1682dd0b542941247a80c7d2ac67e385) Importer(815301076,1909f56bfc062723c751e8b465ee728b)
Start importing Assets/Props and Items/ITEM_TEMP_AmmoCrate.prefab using Guid(1682dd0b542941247a80c7d2ac67e385) Importer(815301076,1909f56bfc062723c751e8b465ee728b)  -> (artifact id: 'b46157f66fcaeb2107d991529ba2dcea') in 0.877969 seconds 
========================================================================
Received Import Request.
  Time since last request: 0.000029 seconds.
  path: Assets/Props and Items/Test_Medkit_Big.prefab
  artifactKey: Guid(8c18ab399e33d9c4da25edc834b0b9ec) Importer(815301076,1909f56bfc062723c751e8b465ee728b)
Start importing Assets/Props and Items/Test_Medkit_Big.prefab using Guid(8c18ab399e33d9c4da25edc834b0b9ec) Importer(815301076,1909f56bfc062723c751e8b465ee728b)  -> (artifact id: '3f420199851cf3c1c199febe12f09a1a') in 0.204916 seconds 
========================================================================
Received Import Request.
  Time since last request: 0.000049 seconds.
  path: Assets/Props and Items/PREF_TestBottle_2.prefab
  artifactKey: Guid(a7af6e0369d25ba40bdbd2d0fb2e4e21) Importer(815301076,1909f56bfc062723c751e8b465ee728b)
Start importing Assets/Props and Items/PREF_TestBottle_2.prefab using Guid(a7af6e0369d25ba40bdbd2d0fb2e4e21) Importer(815301076,1909f56bfc062723c751e8b465ee728b)  -> (artifact id: '27129e3a5c90b437d4876ab72d196a33') in 0.030229 seconds 
========================================================================
Received Import Request.
  Time since last request: 0.000025 seconds.
  path: Assets/Props and Items/PREF_TestBottle_4.prefab
  artifactKey: Guid(574186b21d08ef54f85535eeec66abb4) Importer(815301076,1909f56bfc062723c751e8b465ee728b)
Start importing Assets/Props and Items/PREF_TestBottle_4.prefab using Guid(574186b21d08ef54f85535eeec66abb4) Importer(815301076,1909f56bfc062723c751e8b465ee728b)  -> (artifact id: '52c5211616b4f113c6d0e0c9f727ce20') in 0.043996 seconds 
========================================================================
Received Import Request.
  Time since last request: 10.045955 seconds.
  path: Assets/Props and Items/testTrees/Grass_005_SD/New Material.mat
  artifactKey: Guid(c3802726d0481134c82431ffbf881bc8) Importer(815301076,1909f56bfc062723c751e8b465ee728b)
Start importing Assets/Props and Items/testTrees/Grass_005_SD/New Material.mat using Guid(c3802726d0481134c82431ffbf881bc8) Importer(815301076,1909f56bfc062723c751e8b465ee728b)  -> (artifact id: 'ed4881213b9a55fb8dab1104069b6dc2') in 0.238040 seconds 
========================================================================
Received Import Request.
  Time since last request: 33.167666 seconds.
  path: Assets/Props and Items/testTrees/Grass_005_SD/Grass_005.mat
  artifactKey: Guid(c3802726d0481134c82431ffbf881bc8) Importer(815301076,1909f56bfc062723c751e8b465ee728b)
Start importing Assets/Props and Items/testTrees/Grass_005_SD/Grass_005.mat using Guid(c3802726d0481134c82431ffbf881bc8) Importer(815301076,1909f56bfc062723c751e8b465ee728b)  -> (artifact id: 'dba3002786516dae1d195680b6c93171') in 0.019218 seconds 
========================================================================
Received Import Request.
  Time since last request: 7.251020 seconds.
  path: Assets/Props and Items/testTrees/Grass_005_SD/Grass_005.mat
  artifactKey: Guid(c3802726d0481134c82431ffbf881bc8) Importer(815301076,1909f56bfc062723c751e8b465ee728b)
Start importing Assets/Props and Items/testTrees/Grass_005_SD/Grass_005.mat using Guid(c3802726d0481134c82431ffbf881bc8) Importer(815301076,1909f56bfc062723c751e8b465ee728b)  -> (artifact id: 'f2fe403a0a752b4467318d0ca75cfd9a') in 0.022442 seconds 
========================================================================
Received Import Request.
  Time since last request: 23.049963 seconds.
  path: Assets/Props and Items/testTrees/Grass_002/Grass_002.mat
  artifactKey: Guid(9ed67eaff4ce7e64ba21c4f82a769c38) Importer(815301076,1909f56bfc062723c751e8b465ee728b)
Start importing Assets/Props and Items/testTrees/Grass_002/Grass_002.mat using Guid(9ed67eaff4ce7e64ba21c4f82a769c38) Importer(815301076,1909f56bfc062723c751e8b465ee728b)  -> (artifact id: '35863195161bc20d80c5d1ba0d15081d') in 0.045620 seconds 
========================================================================
Received Import Request.
  Time since last request: 52.973241 seconds.
  path: Assets/Props and Items/SCRIPT_Bed.cs
  artifactKey: Guid(65bb9e13fd135814e93ad942fbb0ef90) Importer(815301076,1909f56bfc062723c751e8b465ee728b)
Start importing Assets/Props and Items/SCRIPT_Bed.cs using Guid(65bb9e13fd135814e93ad942fbb0ef90) Importer(815301076,1909f56bfc062723c751e8b465ee728b)  -> (artifact id: '6703f73419037cf7fc17dce78627394d') in 0.006183 seconds 
========================================================================
Received Prepare
Registering precompiled user dll's ...
Registered in 0.007630 seconds.
Begin MonoManager ReloadAssembly
Symbol file LoadedFromMemory doesn't match image D:\Documents & projects\Unity projects\Project_TopDown\TopDownArena\Library\PackageCache\com.unity.visualscripting@1.7.8\Editor\VisualScripting.Core\Dependencies\YamlDotNet\Unity.VisualScripting.YamlDotNet.dll
Symbol file LoadedFromMemory doesn't match image D:\Documents & projects\Unity projects\Project_TopDown\TopDownArena\Library\PackageCache\com.unity.visualscripting@1.7.8\Editor\VisualScripting.Core\Dependencies\DotNetZip\Unity.VisualScripting.IonicZip.dll
Native extension for WindowsStandalone target not found
Native extension for WebGL target not found
Refreshing native plugins compatible for Editor in 1.24 ms, found 3 plugins.
Preloading 0 native plugins for Editor in 0.00 ms.
System.Exception: Error! Visual Scripting: couldn't find visual scripting package
  at Unity.VisualScripting.PackageVersionUtility.get_version () [0x00043] in D:\Documents & projects\Unity projects\Project_TopDown\TopDownArena\Library\PackageCache\com.unity.visualscripting@1.7.8\Editor\VisualScripting.Core\Utilities\PackageVersionUtility.cs:31 
  at Unity.VisualScripting.BoltCoreManifest.get_version () [0x00000] in D:\Documents & projects\Unity projects\Project_TopDown\TopDownArena\Library\PackageCache\com.unity.visualscripting@1.7.8\Editor\VisualScripting.Core\Plugin\BoltCoreManifest.cs:11 
  at Unity.VisualScripting.PluginManifest.get_currentVersion () [0x00000] in D:\Documents & projects\Unity projects\Project_TopDown\TopDownArena\Library\PackageCache\com.unity.visualscripting@1.7.8\Editor\VisualScripting.Core\Plugins\PluginManifest.cs:33 
  at Unity.VisualScripting.PluginManifest.get_versionMismatch () [0x00000] in D:\Documents & projects\Unity projects\Project_TopDown\TopDownArena\Library\PackageCache\com.unity.visualscripting@1.7.8\Editor\VisualScripting.Core\Plugins\PluginManifest.cs:48 
  at Unity.VisualScripting.PluginContainer.Initialize () [0x00525] in D:\Documents & projects\Unity projects\Project_TopDown\TopDownArena\Library\PackageCache\com.unity.visualscripting@1.7.8\Editor\VisualScripting.Core\Plugins\PluginContainer.cs:208 
  at Unity.VisualScripting.PluginContainer.InitializeOnLoad () [0x00009] in D:\Documents & projects\Unity projects\Project_TopDown\TopDownArena\Library\PackageCache\com.unity.visualscripting@1.7.8\Editor\VisualScripting.Core\Plugins\PluginContainer.cs:32 
  at Unity.VisualScripting.VSUsageUtility.DoInitializeOnLoadCalls () [0x00034] in D:\Documents & projects\Unity projects\Project_TopDown\TopDownArena\Library\PackageCache\com.unity.visualscripting@1.7.8\Editor\VisualScripting.Core\Utilities\VSUsageUtility.cs:76 
  at Unity.VisualScripting.VSUsageUtility.set_isVisualScriptingUsed (System.Boolean value) [0x0002c] in D:\Documents & projects\Unity projects\Project_TopDown\TopDownArena\Library\PackageCache\com.unity.visualscripting@1.7.8\Editor\VisualScripting.Core\Utilities\VSUsageUtility.cs:114 
  at Unity.VisualScripting.VSUsageUtility.CheckAndSetIsVisualScriptingUsed () [0x0000d] in D:\Documents & projects\Unity projects\Project_TopDown\TopDownArena\Library\PackageCache\com.unity.visualscripting@1.7.8\Editor\VisualScripting.Core\Utilities\VSUsageUtility.cs:33 
  at Unity.VisualScripting.VSUsageUtility..cctor () [0x00000] in D:\Documents & projects\Unity projects\Project_TopDown\TopDownArena\Library\PackageCache\com.unity.visualscripting@1.7.8\Editor\VisualScripting.Core\Utilities\VSUsageUtility.cs:22 
UnityEngine.StackTraceUtility:ExtractStackTrace ()
UnityEngine.DebugLogHandler:LogFormat (UnityEngine.LogType,UnityEngine.Object,string,object[])
UnityEngine.Logger:Log (UnityEngine.LogType,object)
UnityEngine.Debug:LogError (object)
UnityEditor.EditorAssemblies:ProcessInitializeOnLoadAttributes (System.Type[])

Mono: successfully reloaded assembly
- Completed reload, in  2.018 seconds
Domain Reload Profiling:
	ReloadAssembly (2018ms)
		BeginReloadAssembly (173ms)
			ExecutionOrderSort (0ms)
			DisableScriptedObjects (6ms)
			BackupInstance (0ms)
			ReleaseScriptingObjects (0ms)
			CreateAndSetChildDomain (63ms)
		EndReloadAssembly (1745ms)
			LoadAssemblies (111ms)
			RebuildTransferFunctionScriptingTraits (0ms)
			SetupTypeCache (401ms)
			ReleaseScriptCaches (4ms)
			RebuildScriptCaches (94ms)
			SetupLoadedEditorAssemblies (789ms)
				LogAssemblyErrors (0ms)
				InitializePlatformSupportModulesInManaged (12ms)
				SetLoadedEditorAssemblies (0ms)
				RefreshPlugins (1ms)
				BeforeProcessingInitializeOnLoad (120ms)
				ProcessInitializeOnLoadAttributes (566ms)
				ProcessInitializeOnLoadMethodAttributes (86ms)
				AfterProcessingInitializeOnLoad (3ms)
				EditorAssembliesLoaded (0ms)
			ExecutionOrderSort2 (0ms)
			AwakeInstancesAfterBackupRestoration (7ms)
Platform modules already initialized, skipping
Refreshing native plugins compatible for Editor in 2.78 ms, found 3 plugins.
Preloading 0 native plugins for Editor in 0.00 ms.
Unloading 6215 Unused Serialized files (Serialized files now loaded: 0)
Unloading 48 unused Assets / (2.7 MB). Loaded Objects now: 6907.
Memory consumption went from 331.6 MB to 328.9 MB.
Total: 12.725300 ms (FindLiveObjects: 0.589900 ms CreateObjectMapping: 0.576100 ms MarkObjects: 10.948900 ms  DeleteObjects: 0.609600 ms)

AssetImportParameters requested are different than current active one (requested -> active):
  custom:video-decoder-ogg-theora: a1e56fd34408186e4bbccfd4996cb3dc -> 
  custom:container-muxer-webm: aa71ff27fc2769a1b78a27578f13a17b -> 
  custom:container-demuxer-webm: 4f35f7cbe854078d1ac9338744f61a02 -> 
  custom:video-encoder-webm-vp8: eb34c28f22e8b96e1ab97ce403110664 -> 
  custom:audio-encoder-webm-vorbis: bf7c407c2cedff20999df2af8eb42d56 -> 
  custom:framework-win-MediaFoundation: 216162199b28c13a410421893ffa2e32 -> 
  custom:container-demuxer-ogg: 62fdf1f143b41e24485cea50d1cbac27 -> 
  custom:video-decoder-webm-vp8: 9c59270c3fd7afecdb556c50c9e8de78 -> 
  custom:audio-decoder-ogg-vorbis: bf7c407c2cedff20999df2af8eb42d56 -> 
========================================================================
Received Import Request.
  Time since last request: 71.003255 seconds.
  path: Assets/Scenes/TEXT_Title.controller
  artifactKey: Guid(bd350111fa1d7864ab87c6ff821d6eb7) Importer(815301076,1909f56bfc062723c751e8b465ee728b)
Start importing Assets/Scenes/TEXT_Title.controller using Guid(bd350111fa1d7864ab87c6ff821d6eb7) Importer(815301076,1909f56bfc062723c751e8b465ee728b)  -> (artifact id: 'd206ebd623933250f6b2eb1ac7c81d2a') in 0.064571 seconds 
========================================================================
Received Prepare
Registering precompiled user dll's ...
Registered in 0.008503 seconds.
Begin MonoManager ReloadAssembly
Symbol file LoadedFromMemory doesn't match image D:\Documents & projects\Unity projects\Project_TopDown\TopDownArena\Library\PackageCache\com.unity.visualscripting@1.7.8\Editor\VisualScripting.Core\Dependencies\YamlDotNet\Unity.VisualScripting.YamlDotNet.dll
Symbol file LoadedFromMemory doesn't match image D:\Documents & projects\Unity projects\Project_TopDown\TopDownArena\Library\PackageCache\com.unity.visualscripting@1.7.8\Editor\VisualScripting.Core\Dependencies\DotNetZip\Unity.VisualScripting.IonicZip.dll
Native extension for WindowsStandalone target not found
Native extension for WebGL target not found
Refreshing native plugins compatible for Editor in 1.98 ms, found 3 plugins.
Preloading 0 native plugins for Editor in 0.00 ms.
System.Exception: Error! Visual Scripting: couldn't find visual scripting package
  at Unity.VisualScripting.PackageVersionUtility.get_version () [0x00043] in D:\Documents & projects\Unity projects\Project_TopDown\TopDownArena\Library\PackageCache\com.unity.visualscripting@1.7.8\Editor\VisualScripting.Core\Utilities\PackageVersionUtility.cs:31 
  at Unity.VisualScripting.BoltCoreManifest.get_version () [0x00000] in D:\Documents & projects\Unity projects\Project_TopDown\TopDownArena\Library\PackageCache\com.unity.visualscripting@1.7.8\Editor\VisualScripting.Core\Plugin\BoltCoreManifest.cs:11 
  at Unity.VisualScripting.PluginManifest.get_currentVersion () [0x00000] in D:\Documents & projects\Unity projects\Project_TopDown\TopDownArena\Library\PackageCache\com.unity.visualscripting@1.7.8\Editor\VisualScripting.Core\Plugins\PluginManifest.cs:33 
  at Unity.VisualScripting.PluginManifest.get_versionMismatch () [0x00000] in D:\Documents & projects\Unity projects\Project_TopDown\TopDownArena\Library\PackageCache\com.unity.visualscripting@1.7.8\Editor\VisualScripting.Core\Plugins\PluginManifest.cs:48 
  at Unity.VisualScripting.PluginContainer.Initialize () [0x00525] in D:\Documents & projects\Unity projects\Project_TopDown\TopDownArena\Library\PackageCache\com.unity.visualscripting@1.7.8\Editor\VisualScripting.Core\Plugins\PluginContainer.cs:208 
  at Unity.VisualScripting.PluginContainer.InitializeOnLoad () [0x00009] in D:\Documents & projects\Unity projects\Project_TopDown\TopDownArena\Library\PackageCache\com.unity.visualscripting@1.7.8\Editor\VisualScripting.Core\Plugins\PluginContainer.cs:32 
  at Unity.VisualScripting.VSUsageUtility.DoInitializeOnLoadCalls () [0x00034] in D:\Documents & projects\Unity projects\Project_TopDown\TopDownArena\Library\PackageCache\com.unity.visualscripting@1.7.8\Editor\VisualScripting.Core\Utilities\VSUsageUtility.cs:76 
  at Unity.VisualScripting.VSUsageUtility.set_isVisualScriptingUsed (System.Boolean value) [0x0002c] in D:\Documents & projects\Unity projects\Project_TopDown\TopDownArena\Library\PackageCache\com.unity.visualscripting@1.7.8\Editor\VisualScripting.Core\Utilities\VSUsageUtility.cs:114 
  at Unity.VisualScripting.VSUsageUtility.CheckAndSetIsVisualScriptingUsed () [0x0000d] in D:\Documents & projects\Unity projects\Project_TopDown\TopDownArena\Library\PackageCache\com.unity.visualscripting@1.7.8\Editor\VisualScripting.Core\Utilities\VSUsageUtility.cs:33 
  at Unity.VisualScripting.VSUsageUtility..cctor () [0x00000] in D:\Documents & projects\Unity projects\Project_TopDown\TopDownArena\Library\PackageCache\com.unity.visualscripting@1.7.8\Editor\VisualScripting.Core\Utilities\VSUsageUtility.cs:22 
UnityEngine.StackTraceUtility:ExtractStackTrace ()
UnityEngine.DebugLogHandler:LogFormat (UnityEngine.LogType,UnityEngine.Object,string,object[])
UnityEngine.Logger:Log (UnityEngine.LogType,object)
UnityEngine.Debug:LogError (object)
UnityEditor.EditorAssemblies:ProcessInitializeOnLoadAttributes (System.Type[])

Mono: successfully reloaded assembly
- Completed reload, in  1.975 seconds
Domain Reload Profiling:
	ReloadAssembly (1976ms)
		BeginReloadAssembly (171ms)
			ExecutionOrderSort (0ms)
			DisableScriptedObjects (7ms)
			BackupInstance (0ms)
			ReleaseScriptingObjects (0ms)
			CreateAndSetChildDomain (55ms)
		EndReloadAssembly (1700ms)
			LoadAssemblies (117ms)
			RebuildTransferFunctionScriptingTraits (0ms)
			SetupTypeCache (382ms)
			ReleaseScriptCaches (3ms)
			RebuildScriptCaches (98ms)
			SetupLoadedEditorAssemblies (731ms)
				LogAssemblyErrors (0ms)
				InitializePlatformSupportModulesInManaged (14ms)
				SetLoadedEditorAssemblies (1ms)
				RefreshPlugins (2ms)
				BeforeProcessingInitializeOnLoad (123ms)
				ProcessInitializeOnLoadAttributes (517ms)
				ProcessInitializeOnLoadMethodAttributes (72ms)
				AfterProcessingInitializeOnLoad (3ms)
				EditorAssembliesLoaded (0ms)
			ExecutionOrderSort2 (0ms)
			AwakeInstancesAfterBackupRestoration (9ms)
Platform modules already initialized, skipping
Refreshing native plugins compatible for Editor in 2.71 ms, found 3 plugins.
Preloading 0 native plugins for Editor in 0.00 ms.
Unloading 6215 Unused Serialized files (Serialized files now loaded: 0)
Unloading 46 unused Assets / (2.7 MB). Loaded Objects now: 6924.
Memory consumption went from 331.6 MB to 328.9 MB.
Total: 14.166900 ms (FindLiveObjects: 0.492900 ms CreateObjectMapping: 0.414000 ms MarkObjects: 12.563100 ms  DeleteObjects: 0.695900 ms)

AssetImportParameters requested are different than current active one (requested -> active):
  custom:video-decoder-ogg-theora: a1e56fd34408186e4bbccfd4996cb3dc -> 
  custom:container-muxer-webm: aa71ff27fc2769a1b78a27578f13a17b -> 
  custom:container-demuxer-webm: 4f35f7cbe854078d1ac9338744f61a02 -> 
  custom:video-encoder-webm-vp8: eb34c28f22e8b96e1ab97ce403110664 -> 
  custom:audio-encoder-webm-vorbis: bf7c407c2cedff20999df2af8eb42d56 -> 
  custom:framework-win-MediaFoundation: 216162199b28c13a410421893ffa2e32 -> 
  custom:container-demuxer-ogg: 62fdf1f143b41e24485cea50d1cbac27 -> 
  custom:video-decoder-webm-vp8: 9c59270c3fd7afecdb556c50c9e8de78 -> 
  custom:audio-decoder-ogg-vorbis: bf7c407c2cedff20999df2af8eb42d56 -> 
========================================================================
Received Import Request.
  Time since last request: 685.815768 seconds.
  path: Assets/_TerrainAutoUpgrade/layer_Grass01_BigUVd261c09ae55ba1e3.terrainlayer
  artifactKey: Guid(6c88d20b5c15aad46a200ace7c74d48c) Importer(815301076,1909f56bfc062723c751e8b465ee728b)
Start importing Assets/_TerrainAutoUpgrade/layer_Grass01_BigUVd261c09ae55ba1e3.terrainlayer using Guid(6c88d20b5c15aad46a200ace7c74d48c) Importer(815301076,1909f56bfc062723c751e8b465ee728b)  -> (artifact id: 'c78849a817eea6ee5332b4d427883683') in 0.248695 seconds 
========================================================================
Received Import Request.
  Time since last request: 46.920628 seconds.
  path: Assets/Prefab Brush
  artifactKey: Guid(0fc197ec358d35e45aa2c715df98923b) Importer(815301076,1909f56bfc062723c751e8b465ee728b)
Start importing Assets/Prefab Brush using Guid(0fc197ec358d35e45aa2c715df98923b) Importer(815301076,1909f56bfc062723c751e8b465ee728b)  -> (artifact id: '76c6377e64ace2bee364bd03850d2488') in 0.006936 seconds 
========================================================================
Received Prepare
Registering precompiled user dll's ...
Registered in 0.007283 seconds.
Begin MonoManager ReloadAssembly
Symbol file LoadedFromMemory doesn't match image D:\Documents & projects\Unity projects\Project_TopDown\TopDownArena\Library\PackageCache\com.unity.visualscripting@1.7.8\Editor\VisualScripting.Core\Dependencies\YamlDotNet\Unity.VisualScripting.YamlDotNet.dll
Symbol file LoadedFromMemory doesn't match image D:\Documents & projects\Unity projects\Project_TopDown\TopDownArena\Library\PackageCache\com.unity.visualscripting@1.7.8\Editor\VisualScripting.Core\Dependencies\DotNetZip\Unity.VisualScripting.IonicZip.dll
Native extension for WindowsStandalone target not found
Native extension for WebGL target not found
Refreshing native plugins compatible for Editor in 1.22 ms, found 3 plugins.
Preloading 0 native plugins for Editor in 0.00 ms.
System.Exception: Error! Visual Scripting: couldn't find visual scripting package
  at Unity.VisualScripting.PackageVersionUtility.get_version () [0x00043] in D:\Documents & projects\Unity projects\Project_TopDown\TopDownArena\Library\PackageCache\com.unity.visualscripting@1.7.8\Editor\VisualScripting.Core\Utilities\PackageVersionUtility.cs:31 
  at Unity.VisualScripting.BoltCoreManifest.get_version () [0x00000] in D:\Documents & projects\Unity projects\Project_TopDown\TopDownArena\Library\PackageCache\com.unity.visualscripting@1.7.8\Editor\VisualScripting.Core\Plugin\BoltCoreManifest.cs:11 
  at Unity.VisualScripting.PluginManifest.get_currentVersion () [0x00000] in D:\Documents & projects\Unity projects\Project_TopDown\TopDownArena\Library\PackageCache\com.unity.visualscripting@1.7.8\Editor\VisualScripting.Core\Plugins\PluginManifest.cs:33 
  at Unity.VisualScripting.PluginManifest.get_versionMismatch () [0x00000] in D:\Documents & projects\Unity projects\Project_TopDown\TopDownArena\Library\PackageCache\com.unity.visualscripting@1.7.8\Editor\VisualScripting.Core\Plugins\PluginManifest.cs:48 
  at Unity.VisualScripting.PluginContainer.Initialize () [0x00525] in D:\Documents & projects\Unity projects\Project_TopDown\TopDownArena\Library\PackageCache\com.unity.visualscripting@1.7.8\Editor\VisualScripting.Core\Plugins\PluginContainer.cs:208 
  at Unity.VisualScripting.PluginContainer.InitializeOnLoad () [0x00009] in D:\Documents & projects\Unity projects\Project_TopDown\TopDownArena\Library\PackageCache\com.unity.visualscripting@1.7.8\Editor\VisualScripting.Core\Plugins\PluginContainer.cs:32 
  at Unity.VisualScripting.VSUsageUtility.DoInitializeOnLoadCalls () [0x00034] in D:\Documents & projects\Unity projects\Project_TopDown\TopDownArena\Library\PackageCache\com.unity.visualscripting@1.7.8\Editor\VisualScripting.Core\Utilities\VSUsageUtility.cs:76 
  at Unity.VisualScripting.VSUsageUtility.set_isVisualScriptingUsed (System.Boolean value) [0x0002c] in D:\Documents & projects\Unity projects\Project_TopDown\TopDownArena\Library\PackageCache\com.unity.visualscripting@1.7.8\Editor\VisualScripting.Core\Utilities\VSUsageUtility.cs:114 
  at Unity.VisualScripting.VSUsageUtility.CheckAndSetIsVisualScriptingUsed () [0x0000d] in D:\Documents & projects\Unity projects\Project_TopDown\TopDownArena\Library\PackageCache\com.unity.visualscripting@1.7.8\Editor\VisualScripting.Core\Utilities\VSUsageUtility.cs:33 
  at Unity.VisualScripting.VSUsageUtility..cctor () [0x00000] in D:\Documents & projects\Unity projects\Project_TopDown\TopDownArena\Library\PackageCache\com.unity.visualscripting@1.7.8\Editor\VisualScripting.Core\Utilities\VSUsageUtility.cs:22 
UnityEngine.StackTraceUtility:ExtractStackTrace ()
UnityEngine.DebugLogHandler:LogFormat (UnityEngine.LogType,UnityEngine.Object,string,object[])
UnityEngine.Logger:Log (UnityEngine.LogType,object)
UnityEngine.Debug:LogError (object)
UnityEditor.EditorAssemblies:ProcessInitializeOnLoadAttributes (System.Type[])

Error saving file Library/StateCache/LayerSettings/9e/9ecc5c3c162a7aba29bafa64c8b94b7c.json. Error: System.IO.IOException: Sharing violation on path D:\Documents & projects\Unity projects\Project_TopDown\TopDownArena\Library\StateCache\LayerSettings\9e\9ecc5c3c162a7aba29bafa64c8b94b7c.json
  at System.IO.FileStream..ctor (System.String path, System.IO.FileMode mode, System.IO.FileAccess access, System.IO.FileShare share, System.Int32 bufferSize, System.Boolean anonymous, System.IO.FileOptions options) [0x0019e] in <e40e5a8f982c4b618a930d29f9bd091c>:0 
  at System.IO.FileStream..ctor (System.String path, System.IO.FileMode mode, System.IO.FileAccess access, System.IO.FileShare share, System.Int32 bufferSize, System.IO.FileOptions options) [0x00000] in <e40e5a8f982c4b618a930d29f9bd091c>:0 
  at (wrapper remoting-invoke-with-check) System.IO.FileStream..ctor(string,System.IO.FileMode,System.IO.FileAccess,System.IO.FileShare,int,System.IO.FileOptions)
  at System.IO.StreamWriter..ctor (System.String path, System.Boolean append, System.Text.Encoding encoding, System.Int32 bufferSize) [0x00055] in <e40e5a8f982c4b618a930d29f9bd091c>:0 
  at System.IO.StreamWriter..ctor (System.String path, System.Boolean append, System.Text.Encoding encoding) [0x00000] in <e40e5a8f982c4b618a930d29f9bd091c>:0 
  at (wrapper remoting-invoke-with-check) System.IO.StreamWriter..ctor(string,bool,System.Text.Encoding)
  at System.IO.File.WriteAllText (System.String path, System.String contents, System.Text.Encoding encoding) [0x00034] in <e40e5a8f982c4b618a930d29f9bd091c>:0 
  at UnityEditor.StateCache`1[T].SetState (UnityEngine.Hash128 key, T obj) [0x0004b] in <44a70d1b13cf47e29810e30f45ffae08>:0 
UnityEngine.StackTraceUtility:ExtractStackTrace ()
UnityEngine.DebugLogHandler:LogFormat (UnityEngine.LogType,UnityEngine.Object,string,object[])
UnityEngine.Logger:Log (UnityEngine.LogType,object)
UnityEngine.Debug:LogError (object)
UnityEditor.StateCache`1<UnityEditor.Tools/LayerSettings>:SetState (UnityEngine.Hash128,UnityEditor.Tools/LayerSettings)
UnityEditor.Tools:set_lockedLayers (int)
UnityEditor.Tools:OnEnable ()

Error saving file Library/StateCache/LayerSettings/9e/9ecc5c3c162a7aba29bafa64c8b94b7c.json. Error: System.IO.IOException: Sharing violation on path D:\Documents & projects\Unity projects\Project_TopDown\TopDownArena\Library\StateCache\LayerSettings\9e\9ecc5c3c162a7aba29bafa64c8b94b7c.json
  at System.IO.FileStream..ctor (System.String path, System.IO.FileMode mode, System.IO.FileAccess access, System.IO.FileShare share, System.Int32 bufferSize, System.Boolean anonymous, System.IO.FileOptions options) [0x0019e] in <e40e5a8f982c4b618a930d29f9bd091c>:0 
  at System.IO.FileStream..ctor (System.String path, System.IO.FileMode mode, System.IO.FileAccess access, System.IO.FileShare share, System.Int32 bufferSize, System.IO.FileOptions options) [0x00000] in <e40e5a8f982c4b618a930d29f9bd091c>:0 
  at (wrapper remoting-invoke-with-check) System.IO.FileStream..ctor(string,System.IO.FileMode,System.IO.FileAccess,System.IO.FileShare,int,System.IO.FileOptions)
  at System.IO.StreamWriter..ctor (System.String path, System.Boolean append, System.Text.Encoding encoding, System.Int32 bufferSize) [0x00055] in <e40e5a8f982c4b618a930d29f9bd091c>:0 
  at System.IO.StreamWriter..ctor (System.String path, System.Boolean append, System.Text.Encoding encoding) [0x00000] in <e40e5a8f982c4b618a930d29f9bd091c>:0 
  at (wrapper remoting-invoke-with-check) System.IO.StreamWriter..ctor(string,bool,System.Text.Encoding)
  at System.IO.File.WriteAllText (System.String path, System.String contents, System.Text.Encoding encoding) [0x00034] in <e40e5a8f982c4b618a930d29f9bd091c>:0 
  at UnityEditor.StateCache`1[T].SetState (UnityEngine.Hash128 key, T obj) [0x0004b] in <44a70d1b13cf47e29810e30f45ffae08>:0 
UnityEngine.StackTraceUtility:ExtractStackTrace ()
UnityEngine.DebugLogHandler:LogFormat (UnityEngine.LogType,UnityEngine.Object,string,object[])
UnityEngine.Logger:Log (UnityEngine.LogType,object)
UnityEngine.Debug:LogError (object)
UnityEditor.StateCache`1<UnityEditor.Tools/LayerSettings>:SetState (UnityEngine.Hash128,UnityEditor.Tools/LayerSettings)
UnityEditor.Tools:set_lockedLayers (int)
UnityEditor.Tools:OnEnable ()

Error saving file Library/StateCache/LayerSettings/9e/9ecc5c3c162a7aba29bafa64c8b94b7c.json. Error: System.IO.IOException: Sharing violation on path D:\Documents & projects\Unity projects\Project_TopDown\TopDownArena\Library\StateCache\LayerSettings\9e\9ecc5c3c162a7aba29bafa64c8b94b7c.json
  at System.IO.FileStream..ctor (System.String path, System.IO.FileMode mode, System.IO.FileAccess access, System.IO.FileShare share, System.Int32 bufferSize, System.Boolean anonymous, System.IO.FileOptions options) [0x0019e] in <e40e5a8f982c4b618a930d29f9bd091c>:0 
  at System.IO.FileStream..ctor (System.String path, System.IO.FileMode mode, System.IO.FileAccess access, System.IO.FileShare share, System.Int32 bufferSize, System.IO.FileOptions options) [0x00000] in <e40e5a8f982c4b618a930d29f9bd091c>:0 
  at (wrapper remoting-invoke-with-check) System.IO.FileStream..ctor(string,System.IO.FileMode,System.IO.FileAccess,System.IO.FileShare,int,System.IO.FileOptions)
  at System.IO.StreamWriter..ctor (System.String path, System.Boolean append, System.Text.Encoding encoding, System.Int32 bufferSize) [0x00055] in <e40e5a8f982c4b618a930d29f9bd091c>:0 
  at System.IO.StreamWriter..ctor (System.String path, System.Boolean append, System.Text.Encoding encoding) [0x00000] in <e40e5a8f982c4b618a930d29f9bd091c>:0 
  at (wrapper remoting-invoke-with-check) System.IO.StreamWriter..ctor(string,bool,System.Text.Encoding)
  at System.IO.File.WriteAllText (System.String path, System.String contents, System.Text.Encoding encoding) [0x00034] in <e40e5a8f982c4b618a930d29f9bd091c>:0 
  at UnityEditor.StateCache`1[T].SetState (UnityEngine.Hash128 key, T obj) [0x0004b] in <44a70d1b13cf47e29810e30f45ffae08>:0 
UnityEngine.StackTraceUtility:ExtractStackTrace ()
UnityEngine.DebugLogHandler:LogFormat (UnityEngine.LogType,UnityEngine.Object,string,object[])
UnityEngine.Logger:Log (UnityEngine.LogType,object)
UnityEngine.Debug:LogError (object)
UnityEditor.StateCache`1<UnityEditor.Tools/LayerSettings>:SetState (UnityEngine.Hash128,UnityEditor.Tools/LayerSettings)
UnityEditor.Tools:set_lockedLayers (int)
UnityEditor.Tools:OnEnable ()

Mono: successfully reloaded assembly
- Completed reload, in  1.991 seconds
Domain Reload Profiling:
	ReloadAssembly (1992ms)
		BeginReloadAssembly (176ms)
			ExecutionOrderSort (0ms)
			DisableScriptedObjects (6ms)
			BackupInstance (0ms)
			ReleaseScriptingObjects (0ms)
			CreateAndSetChildDomain (56ms)
		EndReloadAssembly (1711ms)
			LoadAssemblies (125ms)
			RebuildTransferFunctionScriptingTraits (0ms)
			SetupTypeCache (433ms)
			ReleaseScriptCaches (2ms)
			RebuildScriptCaches (82ms)
			SetupLoadedEditorAssemblies (723ms)
				LogAssemblyErrors (0ms)
				InitializePlatformSupportModulesInManaged (12ms)
				SetLoadedEditorAssemblies (1ms)
				RefreshPlugins (1ms)
				BeforeProcessingInitializeOnLoad (123ms)
				ProcessInitializeOnLoadAttributes (511ms)
				ProcessInitializeOnLoadMethodAttributes (71ms)
				AfterProcessingInitializeOnLoad (4ms)
				EditorAssembliesLoaded (0ms)
			ExecutionOrderSort2 (0ms)
			AwakeInstancesAfterBackupRestoration (10ms)
Platform modules already initialized, skipping
Refreshing native plugins compatible for Editor in 2.36 ms, found 3 plugins.
Preloading 0 native plugins for Editor in 0.00 ms.
Unloading 6215 Unused Serialized files (Serialized files now loaded: 0)
Unloading 46 unused Assets / (2.7 MB). Loaded Objects now: 6943.
Memory consumption went from 331.6 MB to 329.0 MB.
Total: 13.953300 ms (FindLiveObjects: 0.488500 ms CreateObjectMapping: 0.368400 ms MarkObjects: 12.422000 ms  DeleteObjects: 0.673200 ms)

AssetImportParameters requested are different than current active one (requested -> active):
  custom:video-decoder-ogg-theora: a1e56fd34408186e4bbccfd4996cb3dc -> 
  custom:container-muxer-webm: aa71ff27fc2769a1b78a27578f13a17b -> 
  custom:container-demuxer-webm: 4f35f7cbe854078d1ac9338744f61a02 -> 
  custom:video-encoder-webm-vp8: eb34c28f22e8b96e1ab97ce403110664 -> 
  custom:audio-encoder-webm-vorbis: bf7c407c2cedff20999df2af8eb42d56 -> 
  custom:framework-win-MediaFoundation: 216162199b28c13a410421893ffa2e32 -> 
  custom:container-demuxer-ogg: 62fdf1f143b41e24485cea50d1cbac27 -> 
  custom:video-decoder-webm-vp8: 9c59270c3fd7afecdb556c50c9e8de78 -> 
  custom:audio-decoder-ogg-vorbis: bf7c407c2cedff20999df2af8eb42d56 -> 
========================================================================
Received Prepare
Registering precompiled user dll's ...
Registered in 0.008788 seconds.
Begin MonoManager ReloadAssembly
Symbol file LoadedFromMemory doesn't match image D:\Documents & projects\Unity projects\Project_TopDown\TopDownArena\Library\PackageCache\com.unity.visualscripting@1.7.8\Editor\VisualScripting.Core\Dependencies\YamlDotNet\Unity.VisualScripting.YamlDotNet.dll
Symbol file LoadedFromMemory doesn't match image D:\Documents & projects\Unity projects\Project_TopDown\TopDownArena\Library\PackageCache\com.unity.visualscripting@1.7.8\Editor\VisualScripting.Core\Dependencies\DotNetZip\Unity.VisualScripting.IonicZip.dll
Native extension for WindowsStandalone target not found
Native extension for WebGL target not found
Refreshing native plugins compatible for Editor in 1.24 ms, found 3 plugins.
Preloading 0 native plugins for Editor in 0.00 ms.
System.Exception: Error! Visual Scripting: couldn't find visual scripting package
  at Unity.VisualScripting.PackageVersionUtility.get_version () [0x00043] in D:\Documents & projects\Unity projects\Project_TopDown\TopDownArena\Library\PackageCache\com.unity.visualscripting@1.7.8\Editor\VisualScripting.Core\Utilities\PackageVersionUtility.cs:31 
  at Unity.VisualScripting.BoltCoreManifest.get_version () [0x00000] in D:\Documents & projects\Unity projects\Project_TopDown\TopDownArena\Library\PackageCache\com.unity.visualscripting@1.7.8\Editor\VisualScripting.Core\Plugin\BoltCoreManifest.cs:11 
  at Unity.VisualScripting.PluginManifest.get_currentVersion () [0x00000] in D:\Documents & projects\Unity projects\Project_TopDown\TopDownArena\Library\PackageCache\com.unity.visualscripting@1.7.8\Editor\VisualScripting.Core\Plugins\PluginManifest.cs:33 
  at Unity.VisualScripting.PluginManifest.get_versionMismatch () [0x00000] in D:\Documents & projects\Unity projects\Project_TopDown\TopDownArena\Library\PackageCache\com.unity.visualscripting@1.7.8\Editor\VisualScripting.Core\Plugins\PluginManifest.cs:48 
  at Unity.VisualScripting.PluginContainer.Initialize () [0x00525] in D:\Documents & projects\Unity projects\Project_TopDown\TopDownArena\Library\PackageCache\com.unity.visualscripting@1.7.8\Editor\VisualScripting.Core\Plugins\PluginContainer.cs:208 
  at Unity.VisualScripting.PluginContainer.InitializeOnLoad () [0x00009] in D:\Documents & projects\Unity projects\Project_TopDown\TopDownArena\Library\PackageCache\com.unity.visualscripting@1.7.8\Editor\VisualScripting.Core\Plugins\PluginContainer.cs:32 
  at Unity.VisualScripting.VSUsageUtility.DoInitializeOnLoadCalls () [0x00034] in D:\Documents & projects\Unity projects\Project_TopDown\TopDownArena\Library\PackageCache\com.unity.visualscripting@1.7.8\Editor\VisualScripting.Core\Utilities\VSUsageUtility.cs:76 
  at Unity.VisualScripting.VSUsageUtility.set_isVisualScriptingUsed (System.Boolean value) [0x0002c] in D:\Documents & projects\Unity projects\Project_TopDown\TopDownArena\Library\PackageCache\com.unity.visualscripting@1.7.8\Editor\VisualScripting.Core\Utilities\VSUsageUtility.cs:114 
  at Unity.VisualScripting.VSUsageUtility.CheckAndSetIsVisualScriptingUsed () [0x0000d] in D:\Documents & projects\Unity projects\Project_TopDown\TopDownArena\Library\PackageCache\com.unity.visualscripting@1.7.8\Editor\VisualScripting.Core\Utilities\VSUsageUtility.cs:33 
  at Unity.VisualScripting.VSUsageUtility..cctor () [0x00000] in D:\Documents & projects\Unity projects\Project_TopDown\TopDownArena\Library\PackageCache\com.unity.visualscripting@1.7.8\Editor\VisualScripting.Core\Utilities\VSUsageUtility.cs:22 
UnityEngine.StackTraceUtility:ExtractStackTrace ()
UnityEngine.DebugLogHandler:LogFormat (UnityEngine.LogType,UnityEngine.Object,string,object[])
UnityEngine.Logger:Log (UnityEngine.LogType,object)
UnityEngine.Debug:LogError (object)
UnityEditor.EditorAssemblies:ProcessInitializeOnLoadAttributes (System.Type[])

Mono: successfully reloaded assembly
- Completed reload, in  2.040 seconds
Domain Reload Profiling:
	ReloadAssembly (2041ms)
		BeginReloadAssembly (177ms)
			ExecutionOrderSort (0ms)
			DisableScriptedObjects (6ms)
			BackupInstance (0ms)
			ReleaseScriptingObjects (0ms)
			CreateAndSetChildDomain (53ms)
		EndReloadAssembly (1740ms)
			LoadAssemblies (124ms)
			RebuildTransferFunctionScriptingTraits (0ms)
			SetupTypeCache (456ms)
			ReleaseScriptCaches (2ms)
			RebuildScriptCaches (79ms)
			SetupLoadedEditorAssemblies (736ms)
				LogAssemblyErrors (0ms)
				InitializePlatformSupportModulesInManaged (14ms)
				SetLoadedEditorAssemblies (0ms)
				RefreshPlugins (1ms)
				BeforeProcessingInitializeOnLoad (113ms)
				ProcessInitializeOnLoadAttributes (528ms)
				ProcessInitializeOnLoadMethodAttributes (76ms)
				AfterProcessingInitializeOnLoad (3ms)
				EditorAssembliesLoaded (0ms)
			ExecutionOrderSort2 (0ms)
			AwakeInstancesAfterBackupRestoration (7ms)
Platform modules already initialized, skipping
Refreshing native plugins compatible for Editor in 2.47 ms, found 3 plugins.
Preloading 0 native plugins for Editor in 0.00 ms.
Unloading 6215 Unused Serialized files (Serialized files now loaded: 0)
Unloading 46 unused Assets / (2.7 MB). Loaded Objects now: 6960.
Memory consumption went from 331.7 MB to 329.0 MB.
Total: 18.273400 ms (FindLiveObjects: 0.662500 ms CreateObjectMapping: 0.701400 ms MarkObjects: 16.178500 ms  DeleteObjects: 0.730000 ms)

AssetImportParameters requested are different than current active one (requested -> active):
  custom:video-decoder-ogg-theora: a1e56fd34408186e4bbccfd4996cb3dc -> 
  custom:container-muxer-webm: aa71ff27fc2769a1b78a27578f13a17b -> 
  custom:container-demuxer-webm: 4f35f7cbe854078d1ac9338744f61a02 -> 
  custom:video-encoder-webm-vp8: eb34c28f22e8b96e1ab97ce403110664 -> 
  custom:audio-encoder-webm-vorbis: bf7c407c2cedff20999df2af8eb42d56 -> 
  custom:framework-win-MediaFoundation: 216162199b28c13a410421893ffa2e32 -> 
  custom:container-demuxer-ogg: 62fdf1f143b41e24485cea50d1cbac27 -> 
  custom:video-decoder-webm-vp8: 9c59270c3fd7afecdb556c50c9e8de78 -> 
  custom:audio-decoder-ogg-vorbis: bf7c407c2cedff20999df2af8eb42d56 -> 
========================================================================
Received Import Request.
  Time since last request: 787.821192 seconds.
  path: Assets/Scripts/Weapon
  artifactKey: Guid(d686f953f3bf2214d808a8b29a35e329) Importer(815301076,1909f56bfc062723c751e8b465ee728b)
Start importing Assets/Scripts/Weapon using Guid(d686f953f3bf2214d808a8b29a35e329) Importer(815301076,1909f56bfc062723c751e8b465ee728b)  -> (artifact id: '5402059d2309d0fe87875eb357bd3b81') in 0.016613 seconds 
========================================================================
Received Import Request.
  Time since last request: 1.150431 seconds.
  path: Assets/Scripts/Test scripts
  artifactKey: Guid(b0637afd86b16ed4889bbe7445bc9830) Importer(815301076,1909f56bfc062723c751e8b465ee728b)
Start importing Assets/Scripts/Test scripts using Guid(b0637afd86b16ed4889bbe7445bc9830) Importer(815301076,1909f56bfc062723c751e8b465ee728b)  -> (artifact id: '36c93423b7760031363473e6ef09f326') in 0.006284 seconds 
========================================================================
Received Import Request.
  Time since last request: 82.270032 seconds.
  path: Assets/Scripts/Gun.cs
  artifactKey: Guid(f4df92b010c6a184594272f3bd2ec258) Importer(815301076,1909f56bfc062723c751e8b465ee728b)
Start importing Assets/Scripts/Gun.cs using Guid(f4df92b010c6a184594272f3bd2ec258) Importer(815301076,1909f56bfc062723c751e8b465ee728b)  -> (artifact id: 'd1a62f42316230b045b900a0f32bce31') in 0.015890 seconds 
========================================================================
Received Import Request.
  Time since last request: 5.591388 seconds.
  path: Assets/Scripts/IPointerHandler.cs
  artifactKey: Guid(dba9edb59a7d5124c906a752675b3a62) Importer(815301076,1909f56bfc062723c751e8b465ee728b)
Start importing Assets/Scripts/IPointerHandler.cs using Guid(dba9edb59a7d5124c906a752675b3a62) Importer(815301076,1909f56bfc062723c751e8b465ee728b)  -> (artifact id: 'c9f58a8536f6948cfd10668dcf8b02aa') in 0.006184 seconds 
========================================================================
Received Import Request.
  Time since last request: 51.115772 seconds.
  path: Assets/Scripts/nextSpawn.cs
  artifactKey: Guid(1387afb5ed5bf764f9db4d2e4284b6e2) Importer(815301076,1909f56bfc062723c751e8b465ee728b)
Start importing Assets/Scripts/nextSpawn.cs using Guid(1387afb5ed5bf764f9db4d2e4284b6e2) Importer(815301076,1909f56bfc062723c751e8b465ee728b)  -> (artifact id: '8e6805a280b1d6ca19cd603948a6af4f') in 0.006192 seconds 
========================================================================
Received Import Request.
  Time since last request: 14.324132 seconds.
  path: Assets/Scripts/SCRIPT_ActiveWeapon.cs
  artifactKey: Guid(720f46f7e424bd0439ee95587433536b) Importer(815301076,1909f56bfc062723c751e8b465ee728b)
Start importing Assets/Scripts/SCRIPT_ActiveWeapon.cs using Guid(720f46f7e424bd0439ee95587433536b) Importer(815301076,1909f56bfc062723c751e8b465ee728b)  -> (artifact id: 'b49a078c9a8e29d99ddd465bee333af7') in 0.006770 seconds 
========================================================================
Received Import Request.
  Time since last request: 124.026393 seconds.
  path: Assets/Scripts/SCRIPT_ResourceItem.cs
  artifactKey: Guid(d0c08d18df964ed4985feba559d27a6f) Importer(815301076,1909f56bfc062723c751e8b465ee728b)
Start importing Assets/Scripts/SCRIPT_ResourceItem.cs using Guid(d0c08d18df964ed4985feba559d27a6f) Importer(815301076,1909f56bfc062723c751e8b465ee728b)  -> (artifact id: '51577a9d03a37ee6fcff19c4b11cf450') in 0.006727 seconds 
========================================================================
Received Import Request.
  Time since last request: 1.841121 seconds.
  path: Assets/Scripts/SCRIPT_StandartLightningHandler.cs
  artifactKey: Guid(a39a7d94509c8ac46be0bfb1c8e38a7a) Importer(815301076,1909f56bfc062723c751e8b465ee728b)
Start importing Assets/Scripts/SCRIPT_StandartLightningHandler.cs using Guid(a39a7d94509c8ac46be0bfb1c8e38a7a) Importer(815301076,1909f56bfc062723c751e8b465ee728b)  -> (artifact id: 'f39820b7883eb61aea40181f2233eb37') in 0.006354 seconds 
========================================================================
Received Import Request.
  Time since last request: 1.079776 seconds.
  path: Assets/Scripts/SCRIPT_SunRotation.cs
  artifactKey: Guid(8c29a25ae0eb71944aa90b1bb5394b7b) Importer(815301076,1909f56bfc062723c751e8b465ee728b)
Start importing Assets/Scripts/SCRIPT_SunRotation.cs using Guid(8c29a25ae0eb71944aa90b1bb5394b7b) Importer(815301076,1909f56bfc062723c751e8b465ee728b)  -> (artifact id: '9833e9f8b77b0de94f49ef97f83b10e7') in 0.006370 seconds 
========================================================================
Received Import Request.
  Time since last request: 1.486096 seconds.
  path: Assets/Scripts/SCRIPT_TEST_ActivateShop.cs
  artifactKey: Guid(e6c03637c214df4478ba0167fe62d65e) Importer(815301076,1909f56bfc062723c751e8b465ee728b)
Start importing Assets/Scripts/SCRIPT_TEST_ActivateShop.cs using Guid(e6c03637c214df4478ba0167fe62d65e) Importer(815301076,1909f56bfc062723c751e8b465ee728b)  -> (artifact id: 'a4a787d40fe90102e26d3338f3e2f3f2') in 0.008575 seconds 
========================================================================
Received Import Request.
  Time since last request: 6.229454 seconds.
  path: Assets/Scripts/SCRIPT_TEST_AutomaticDoor.cs
  artifactKey: Guid(3f916474c69828d4199509e82d96abad) Importer(815301076,1909f56bfc062723c751e8b465ee728b)
Start importing Assets/Scripts/SCRIPT_TEST_AutomaticDoor.cs using Guid(3f916474c69828d4199509e82d96abad) Importer(815301076,1909f56bfc062723c751e8b465ee728b)  -> (artifact id: 'ad2f5868f94eaaa04b2151c673a6bd42') in 0.006937 seconds 
========================================================================
Received Import Request.
  Time since last request: 0.750924 seconds.
  path: Assets/Scripts/SCRIPT_TEST_LookAtBlackZone.cs
  artifactKey: Guid(db5d8fce658777546befd0a92c3105c6) Importer(815301076,1909f56bfc062723c751e8b465ee728b)
Start importing Assets/Scripts/SCRIPT_TEST_LookAtBlackZone.cs using Guid(db5d8fce658777546befd0a92c3105c6) Importer(815301076,1909f56bfc062723c751e8b465ee728b)  -> (artifact id: '43d550d99ea664b034daf6bc4efc1d33') in 0.005515 seconds 
========================================================================
Received Import Request.
  Time since last request: 26.289625 seconds.
  path: Assets/Scripts/SCRIPT_TestBlackZones.cs
  artifactKey: Guid(149f17c9da6c8124fb6c162a94e871ca) Importer(815301076,1909f56bfc062723c751e8b465ee728b)
Start importing Assets/Scripts/SCRIPT_TestBlackZones.cs using Guid(149f17c9da6c8124fb6c162a94e871ca) Importer(815301076,1909f56bfc062723c751e8b465ee728b)  -> (artifact id: 'f6ad130e585b0ab5a2332bd2d3c2d1db') in 0.005770 seconds 
========================================================================
Received Import Request.
  Time since last request: 1.584717 seconds.
  path: Assets/Scripts/SCRIPT_Weapon.cs
  artifactKey: Guid(c40f6b6e5a7cb744f9356354f6b7c697) Importer(815301076,1909f56bfc062723c751e8b465ee728b)
Start importing Assets/Scripts/SCRIPT_Weapon.cs using Guid(c40f6b6e5a7cb744f9356354f6b7c697) Importer(815301076,1909f56bfc062723c751e8b465ee728b)  -> (artifact id: 'ebfe919a597f88cd3a083da1c2b43899') in 0.005242 seconds 
========================================================================
Received Import Request.
  Time since last request: 11.411204 seconds.
  path: Assets/Scripts/ShowTooltip.cs
  artifactKey: Guid(355dabf7c17051141970459f41cdda74) Importer(815301076,1909f56bfc062723c751e8b465ee728b)
Start importing Assets/Scripts/ShowTooltip.cs using Guid(355dabf7c17051141970459f41cdda74) Importer(815301076,1909f56bfc062723c751e8b465ee728b)  -> (artifact id: 'c74e052c4522eb98f048d15156d1fe0b') in 0.007181 seconds 
========================================================================
Received Import Request.
  Time since last request: 12.347866 seconds.
  path: Assets/Scripts/TEST_ActivateTriggers.cs
  artifactKey: Guid(8870a225562e83946be446daf677a3e7) Importer(815301076,1909f56bfc062723c751e8b465ee728b)
Start importing Assets/Scripts/TEST_ActivateTriggers.cs using Guid(8870a225562e83946be446daf677a3e7) Importer(815301076,1909f56bfc062723c751e8b465ee728b)  -> (artifact id: '49f429bb515f104234cdbd14fdd40958') in 0.007611 seconds 
========================================================================
Received Import Request.
  Time since last request: 1.239085 seconds.
  path: Assets/Scripts/Test_PlayAnimation.cs
  artifactKey: Guid(3aa0f7f8d0274c54586336e186cc00e3) Importer(815301076,1909f56bfc062723c751e8b465ee728b)
Start importing Assets/Scripts/Test_PlayAnimation.cs using Guid(3aa0f7f8d0274c54586336e186cc00e3) Importer(815301076,1909f56bfc062723c751e8b465ee728b)  -> (artifact id: '3cdfc3cbfb5155c7924a6cc371675eb3') in 0.007118 seconds 
========================================================================
Received Import Request.
  Time since last request: 4.510568 seconds.
  path: Assets/Scripts/TestAnimationEvent.cs
  artifactKey: Guid(5ff1e0b671dbb394b948482bb945cf54) Importer(815301076,1909f56bfc062723c751e8b465ee728b)
Start importing Assets/Scripts/TestAnimationEvent.cs using Guid(5ff1e0b671dbb394b948482bb945cf54) Importer(815301076,1909f56bfc062723c751e8b465ee728b)  -> (artifact id: '27daa19af87db9d8b51b9a86f2f05d3a') in 0.006953 seconds 
========================================================================
Received Import Request.
  Time since last request: 0.403881 seconds.
  path: Assets/Scripts/TestClculationScript.cs
  artifactKey: Guid(6831fcfda1e0ca14bb74e72fd0a59c2e) Importer(815301076,1909f56bfc062723c751e8b465ee728b)
Start importing Assets/Scripts/TestClculationScript.cs using Guid(6831fcfda1e0ca14bb74e72fd0a59c2e) Importer(815301076,1909f56bfc062723c751e8b465ee728b)  -> (artifact id: '2b3c9f4ee2d3a6333d1c2c4b0c5ad58c') in 0.005854 seconds 
========================================================================
Received Import Request.
  Time since last request: 49.094256 seconds.
  path: Assets/Scripts/DontDestroyOnLoad.cs
  artifactKey: Guid(74d06699c4d3d964dae3e646e83cedec) Importer(815301076,1909f56bfc062723c751e8b465ee728b)
Start importing Assets/Scripts/DontDestroyOnLoad.cs using Guid(74d06699c4d3d964dae3e646e83cedec) Importer(815301076,1909f56bfc062723c751e8b465ee728b)  -> (artifact id: '8a632e8f7eaf843ad4c7e491bd60fc41') in 0.007492 seconds 
========================================================================
Received Import Request.
  Time since last request: 6.236754 seconds.
  path: Assets/Scripts/Inventory
  artifactKey: Guid(e0e9056d902a4b349a20cec538378032) Importer(815301076,1909f56bfc062723c751e8b465ee728b)
Start importing Assets/Scripts/Inventory using Guid(e0e9056d902a4b349a20cec538378032) Importer(815301076,1909f56bfc062723c751e8b465ee728b)  -> (artifact id: '232cd5a1a9c4b7057d80ba427da33c53') in 0.005812 seconds 
========================================================================
Received Import Request.
  Time since last request: 20.229132 seconds.
  path: Assets/Scripts/Items
  artifactKey: Guid(ccf5c300e9030f6448fabd5faf6fde29) Importer(815301076,1909f56bfc062723c751e8b465ee728b)
Start importing Assets/Scripts/Items using Guid(ccf5c300e9030f6448fabd5faf6fde29) Importer(815301076,1909f56bfc062723c751e8b465ee728b)  -> (artifact id: '7371e8c818fcb072cf8f171b4bf626d7') in 0.554904 seconds 
========================================================================
Received Import Request.
  Time since last request: 206.259922 seconds.
  path: Assets/Scripts/Implants
  artifactKey: Guid(5dd7baac1c7cd6343a26f5fdf35a3fa3) Importer(815301076,1909f56bfc062723c751e8b465ee728b)
Start importing Assets/Scripts/Implants using Guid(5dd7baac1c7cd6343a26f5fdf35a3fa3) Importer(815301076,1909f56bfc062723c751e8b465ee728b)  -> (artifact id: '829fee360e1485dca02ff6eed9e7ea60') in 0.035581 seconds 
========================================================================
Received Import Request.
  Time since last request: 27.818123 seconds.
  path: Assets/Scripts/InteractableObjects
  artifactKey: Guid(82198f0b004719e43adbaef9fa20e832) Importer(815301076,1909f56bfc062723c751e8b465ee728b)
Start importing Assets/Scripts/InteractableObjects using Guid(82198f0b004719e43adbaef9fa20e832) Importer(815301076,1909f56bfc062723c751e8b465ee728b)  -> (artifact id: '06dd79bb76a37e5daf98498f11bc58be') in 0.005363 seconds 
========================================================================
Received Import Request.
  Time since last request: 26.005769 seconds.
  path: Assets/Scripts/SCRIPT_DoubleColorMeshLightningHandler.cs
  artifactKey: Guid(39598bb44259aa3478fea4f4b673a88f) Importer(815301076,1909f56bfc062723c751e8b465ee728b)
Start importing Assets/Scripts/SCRIPT_DoubleColorMeshLightningHandler.cs using Guid(39598bb44259aa3478fea4f4b673a88f) Importer(815301076,1909f56bfc062723c751e8b465ee728b)  -> (artifact id: 'e6ea160a3708bbb598e4a4caf6602364') in 0.005781 seconds 
========================================================================
Received Import Request.
  Time since last request: 113.315343 seconds.
  path: Assets/Scripts/BlindZone
  artifactKey: Guid(ff466e010aa54fa42985e55faa2815c1) Importer(815301076,1909f56bfc062723c751e8b465ee728b)
Start importing Assets/Scripts/BlindZone using Guid(ff466e010aa54fa42985e55faa2815c1) Importer(815301076,1909f56bfc062723c751e8b465ee728b)  -> (artifact id: 'a427412aa7937601c5cc359733cdd59c') in 0.005839 seconds 
========================================================================
Received Import Request.
  Time since last request: 12.524241 seconds.
  path: Assets/Scripts/SCRIPT_PlayerInteractionArea.cs
  artifactKey: Guid(6fe5c73530c37ab4a8e7d93a9d4128cb) Importer(815301076,1909f56bfc062723c751e8b465ee728b)
Start importing Assets/Scripts/SCRIPT_PlayerInteractionArea.cs using Guid(6fe5c73530c37ab4a8e7d93a9d4128cb) Importer(815301076,1909f56bfc062723c751e8b465ee728b)  -> (artifact id: '3eb402c345a75bcc7ebb18769284c9ae') in 0.006438 seconds 
========================================================================
Received Import Request.
  Time since last request: 246.223207 seconds.
  path: Assets/Scripts/SCRIPT_ImplantMenuButton.cs
  artifactKey: Guid(766f5a5587e28ea4cab047b83d9f439f) Importer(815301076,1909f56bfc062723c751e8b465ee728b)
Start importing Assets/Scripts/SCRIPT_ImplantMenuButton.cs using Guid(766f5a5587e28ea4cab047b83d9f439f) Importer(815301076,1909f56bfc062723c751e8b465ee728b)  -> (artifact id: '2c6ab392b16b38b14adb1c4fcc598ad0') in 0.005910 seconds 
========================================================================
Received Import Request.
  Time since last request: 48.900347 seconds.
  path: Assets/Scripts/SCRIPT_ImplantShopMenuController.cs
  artifactKey: Guid(33ffafaba351f144886608fb71204708) Importer(815301076,1909f56bfc062723c751e8b465ee728b)
Start importing Assets/Scripts/SCRIPT_ImplantShopMenuController.cs using Guid(33ffafaba351f144886608fb71204708) Importer(815301076,1909f56bfc062723c751e8b465ee728b)  -> (artifact id: 'd774a4d9fb6512faa6a1daf96fe27b0f') in 0.005487 seconds 
========================================================================
Received Import Request.
  Time since last request: 20.213859 seconds.
  path: Assets/Scripts/SCRIPT_IInteractable.cs
  artifactKey: Guid(3d1618d533f35c240bbb9ddec10a1228) Importer(815301076,1909f56bfc062723c751e8b465ee728b)
Start importing Assets/Scripts/SCRIPT_IInteractable.cs using Guid(3d1618d533f35c240bbb9ddec10a1228) Importer(815301076,1909f56bfc062723c751e8b465ee728b)  -> (artifact id: '8ee3613006c11d157ad9100a995ec708') in 0.006119 seconds 
========================================================================
Received Import Request.
  Time since last request: 251.915868 seconds.
  path: Assets/Scripts/SCRIPT_InventoryController.cs
  artifactKey: Guid(20cff5907ac04e348b464bb3fa31c60f) Importer(815301076,1909f56bfc062723c751e8b465ee728b)
Start importing Assets/Scripts/SCRIPT_InventoryController.cs using Guid(20cff5907ac04e348b464bb3fa31c60f) Importer(815301076,1909f56bfc062723c751e8b465ee728b)  -> (artifact id: '672dc1480826134be20e0d16275e38c7') in 0.006600 seconds 
========================================================================
Received Import Request.
  Time since last request: 5.342747 seconds.
  path: Assets/Scripts/SCRIPT_InventoryHighlight.cs
  artifactKey: Guid(3913073b4a26a1d4a95d806bb7873581) Importer(815301076,1909f56bfc062723c751e8b465ee728b)
Start importing Assets/Scripts/SCRIPT_InventoryHighlight.cs using Guid(3913073b4a26a1d4a95d806bb7873581) Importer(815301076,1909f56bfc062723c751e8b465ee728b)  -> (artifact id: '063c68043a57a1cfe5de0d60f5ee324b') in 0.008193 seconds 
========================================================================
Received Import Request.
  Time since last request: 37.645096 seconds.
  path: Assets/Scripts/SCRIPT_Medkit_Small.cs
  artifactKey: Guid(775089f3665fca04b9f21652f9038bb8) Importer(815301076,1909f56bfc062723c751e8b465ee728b)
Start importing Assets/Scripts/SCRIPT_Medkit_Small.cs using Guid(775089f3665fca04b9f21652f9038bb8) Importer(815301076,1909f56bfc062723c751e8b465ee728b)  -> (artifact id: '191675037714fcb015adf49820de7e0e') in 0.006810 seconds 
========================================================================
Received Import Request.
  Time since last request: 1.676430 seconds.
  path: Assets/Scripts/SCRIPT_MusicLoop.cs
  artifactKey: Guid(0ad57b8bd3de710438ae7449878bfa48) Importer(815301076,1909f56bfc062723c751e8b465ee728b)
Start importing Assets/Scripts/SCRIPT_MusicLoop.cs using Guid(0ad57b8bd3de710438ae7449878bfa48) Importer(815301076,1909f56bfc062723c751e8b465ee728b)  -> (artifact id: '95591df84b022f196a53686d0942fe81') in 0.007051 seconds 
========================================================================
Received Import Request.
  Time since last request: 5.532333 seconds.
  path: Assets/Scripts/SCRIPT_ObjectInteraction.cs
  artifactKey: Guid(adf126e740b83d648a5d2c3b09cce6ea) Importer(815301076,1909f56bfc062723c751e8b465ee728b)
Start importing Assets/Scripts/SCRIPT_ObjectInteraction.cs using Guid(adf126e740b83d648a5d2c3b09cce6ea) Importer(815301076,1909f56bfc062723c751e8b465ee728b)  -> (artifact id: '3adbb9744609fc5c9ede663034254f91') in 0.005376 seconds 
========================================================================
Received Import Request.
  Time since last request: 10.373436 seconds.
  path: Assets/Scripts/SCRIPT_PickableWeapon.cs
  artifactKey: Guid(f66c7d14e8d159842a7fe3b4f7c1f496) Importer(815301076,1909f56bfc062723c751e8b465ee728b)
Start importing Assets/Scripts/SCRIPT_PickableWeapon.cs using Guid(f66c7d14e8d159842a7fe3b4f7c1f496) Importer(815301076,1909f56bfc062723c751e8b465ee728b)  -> (artifact id: 'b4c9b201c3e3b87e49c8cdddd595ffa5') in 0.006783 seconds 
========================================================================
Received Import Request.
  Time since last request: 6.820539 seconds.
  path: Assets/Scripts/SCRIPT_ScannerImpactHandler.cs
  artifactKey: Guid(3533e1599adf6084f8b28742db1a16b0) Importer(815301076,1909f56bfc062723c751e8b465ee728b)
Start importing Assets/Scripts/SCRIPT_ScannerImpactHandler.cs using Guid(3533e1599adf6084f8b28742db1a16b0) Importer(815301076,1909f56bfc062723c751e8b465ee728b)  -> (artifact id: '9b815a3af3ba85669c75c13bf0cee811') in 0.006238 seconds 
========================================================================
Received Import Request.
  Time since last request: 473.957262 seconds.
  path: Assets/Scripts/Interaction
  artifactKey: Guid(04b895b9836ce194996a1ba3f8de263f) Importer(815301076,1909f56bfc062723c751e8b465ee728b)
Start importing Assets/Scripts/Interaction using Guid(04b895b9836ce194996a1ba3f8de263f) Importer(815301076,1909f56bfc062723c751e8b465ee728b)  -> (artifact id: '843ba8d426c393608006c03da3a8187e') in 0.008113 seconds 
========================================================================
Received Import Request.
  Time since last request: 61.933954 seconds.
  path: Assets/Scripts/SCRIPT_FixedRotation.cs
  artifactKey: Guid(063c1e6d968bc4948bcbfa50aa025701) Importer(815301076,1909f56bfc062723c751e8b465ee728b)
Start importing Assets/Scripts/SCRIPT_FixedRotation.cs using Guid(063c1e6d968bc4948bcbfa50aa025701) Importer(815301076,1909f56bfc062723c751e8b465ee728b)  -> (artifact id: '6b906b7ebe25d58b8506b9bc34418180') in 0.005888 seconds 
========================================================================
Received Import Request.
  Time since last request: 6.324714 seconds.
  path: Assets/Scripts/Sound
  artifactKey: Guid(adb915815f479e8488749c58cf3f0c95) Importer(815301076,1909f56bfc062723c751e8b465ee728b)
Start importing Assets/Scripts/Sound using Guid(adb915815f479e8488749c58cf3f0c95) Importer(815301076,1909f56bfc062723c751e8b465ee728b)  -> (artifact id: '14a231620c7713f57856311dfa2034c6') in 0.007280 seconds 
========================================================================
Received Import Request.
  Time since last request: 4.845467 seconds.
  path: Assets/Scripts/Test_PlayOST.cs
  artifactKey: Guid(402b040e0e5d33243a2334410bb21423) Importer(815301076,1909f56bfc062723c751e8b465ee728b)
Start importing Assets/Scripts/Test_PlayOST.cs using Guid(402b040e0e5d33243a2334410bb21423) Importer(815301076,1909f56bfc062723c751e8b465ee728b)  -> (artifact id: 'dab56bd606585d95a0f62b73a5adfc98') in 0.005940 seconds 
========================================================================
Received Import Request.
  Time since last request: 21.861805 seconds.
  path: Assets/Scripts/RoachController.cs
  artifactKey: Guid(6eb0f3f8dd2cf9847b4f4a50e0cb8492) Importer(815301076,1909f56bfc062723c751e8b465ee728b)
Start importing Assets/Scripts/RoachController.cs using Guid(6eb0f3f8dd2cf9847b4f4a50e0cb8492) Importer(815301076,1909f56bfc062723c751e8b465ee728b)  -> (artifact id: '835a60c72dd31bce350c7ae38e6f8497') in 0.005548 seconds 
========================================================================
Received Import Request.
  Time since last request: 1.296314 seconds.
  path: Assets/Scripts/SCRIPT_DoubleColorLightningHandler.cs
  artifactKey: Guid(95302ccc03066ff4da5764ed5e57a592) Importer(815301076,1909f56bfc062723c751e8b465ee728b)
Start importing Assets/Scripts/SCRIPT_DoubleColorLightningHandler.cs using Guid(95302ccc03066ff4da5764ed5e57a592) Importer(815301076,1909f56bfc062723c751e8b465ee728b)  -> (artifact id: 'cf02b6a057ea283e66829cf190cb83fb') in 0.005481 seconds 
========================================================================
Received Import Request.
  Time since last request: 12.967173 seconds.
  path: Assets/Scripts/UI
  artifactKey: Guid(2d51c2b8bf586ce42b3377c2d9ee839b) Importer(815301076,1909f56bfc062723c751e8b465ee728b)
Start importing Assets/Scripts/UI using Guid(2d51c2b8bf586ce42b3377c2d9ee839b) Importer(815301076,1909f56bfc062723c751e8b465ee728b)  -> (artifact id: 'afe8913b0496011ea856d4f26a5a770d') in 0.006243 seconds 
========================================================================
Received Import Request.
  Time since last request: 332.237792 seconds.
  path: Assets/Scripts/AudioManager.cs
  artifactKey: Guid(a2020262b949ab646afbed7adae3d70b) Importer(815301076,1909f56bfc062723c751e8b465ee728b)
Start importing Assets/Scripts/AudioManager.cs using Guid(a2020262b949ab646afbed7adae3d70b) Importer(815301076,1909f56bfc062723c751e8b465ee728b)  -> (artifact id: '59046b4dd1c12b933ca4ca946bee7c9e') in 0.006745 seconds 
========================================================================
Received Import Request.
  Time since last request: 15.049577 seconds.
  path: Assets/Scripts/Audio
  artifactKey: Guid(adb915815f479e8488749c58cf3f0c95) Importer(815301076,1909f56bfc062723c751e8b465ee728b)
Start importing Assets/Scripts/Audio using Guid(adb915815f479e8488749c58cf3f0c95) Importer(815301076,1909f56bfc062723c751e8b465ee728b)  -> (artifact id: 'c8939fa0e633e8b67bdc06c3d6114711') in 0.036492 seconds 
========================================================================
Received Import Request.
  Time since last request: 31.344977 seconds.
  path: Assets/Scripts/SceneSwap
  artifactKey: Guid(9d3bcbda45c34714ea734a669dacd2d1) Importer(815301076,1909f56bfc062723c751e8b465ee728b)
Start importing Assets/Scripts/SceneSwap using Guid(9d3bcbda45c34714ea734a669dacd2d1) Importer(815301076,1909f56bfc062723c751e8b465ee728b)  -> (artifact id: 'c6f71e4ca94fd0f85104b6e4deb05617') in 0.006489 seconds 
========================================================================
Received Import Request.
  Time since last request: 66.332603 seconds.
  path: Assets/Scripts/Lightning
  artifactKey: Guid(43134af53e737b44ca5a43cb9ad7486a) Importer(815301076,1909f56bfc062723c751e8b465ee728b)
Start importing Assets/Scripts/Lightning using Guid(43134af53e737b44ca5a43cb9ad7486a) Importer(815301076,1909f56bfc062723c751e8b465ee728b)  -> (artifact id: 'e3957ed701d967f9dba17d1fe0033258') in 0.005859 seconds 
========================================================================
Received Import Request.
  Time since last request: 34.375605 seconds.
  path: Assets/Scripts/EnemyController.cs
  artifactKey: Guid(79b70ca6036285b438f17c378850af19) Importer(815301076,1909f56bfc062723c751e8b465ee728b)
Start importing Assets/Scripts/EnemyController.cs using Guid(79b70ca6036285b438f17c378850af19) Importer(815301076,1909f56bfc062723c751e8b465ee728b)  -> (artifact id: '51505c9b4e5c5ff56f9c3ff27f891b5e') in 0.005808 seconds 
========================================================================
Received Import Request.
  Time since last request: 16.524765 seconds.
  path: Assets/Scripts/TestScripts
  artifactKey: Guid(b0637afd86b16ed4889bbe7445bc9830) Importer(815301076,1909f56bfc062723c751e8b465ee728b)
Start importing Assets/Scripts/TestScripts using Guid(b0637afd86b16ed4889bbe7445bc9830) Importer(815301076,1909f56bfc062723c751e8b465ee728b)  -> (artifact id: '84e656c058f81f1f022c89bb38861c25') in 0.008237 seconds 
========================================================================
Received Prepare
Registering precompiled user dll's ...
Registered in 0.007352 seconds.
Begin MonoManager ReloadAssembly
Symbol file LoadedFromMemory doesn't match image D:\Documents & projects\Unity projects\Project_TopDown\TopDownArena\Library\PackageCache\com.unity.visualscripting@1.7.8\Editor\VisualScripting.Core\Dependencies\YamlDotNet\Unity.VisualScripting.YamlDotNet.dll
Symbol file LoadedFromMemory doesn't match image D:\Documents & projects\Unity projects\Project_TopDown\TopDownArena\Library\PackageCache\com.unity.visualscripting@1.7.8\Editor\VisualScripting.Core\Dependencies\DotNetZip\Unity.VisualScripting.IonicZip.dll
Native extension for WindowsStandalone target not found
Native extension for WebGL target not found
Refreshing native plugins compatible for Editor in 1.98 ms, found 3 plugins.
Preloading 0 native plugins for Editor in 0.00 ms.
System.Exception: Error! Visual Scripting: couldn't find visual scripting package
  at Unity.VisualScripting.PackageVersionUtility.get_version () [0x00043] in D:\Documents & projects\Unity projects\Project_TopDown\TopDownArena\Library\PackageCache\com.unity.visualscripting@1.7.8\Editor\VisualScripting.Core\Utilities\PackageVersionUtility.cs:31 
  at Unity.VisualScripting.BoltCoreManifest.get_version () [0x00000] in D:\Documents & projects\Unity projects\Project_TopDown\TopDownArena\Library\PackageCache\com.unity.visualscripting@1.7.8\Editor\VisualScripting.Core\Plugin\BoltCoreManifest.cs:11 
  at Unity.VisualScripting.PluginManifest.get_currentVersion () [0x00000] in D:\Documents & projects\Unity projects\Project_TopDown\TopDownArena\Library\PackageCache\com.unity.visualscripting@1.7.8\Editor\VisualScripting.Core\Plugins\PluginManifest.cs:33 
  at Unity.VisualScripting.PluginManifest.get_versionMismatch () [0x00000] in D:\Documents & projects\Unity projects\Project_TopDown\TopDownArena\Library\PackageCache\com.unity.visualscripting@1.7.8\Editor\VisualScripting.Core\Plugins\PluginManifest.cs:48 
  at Unity.VisualScripting.PluginContainer.Initialize () [0x00525] in D:\Documents & projects\Unity projects\Project_TopDown\TopDownArena\Library\PackageCache\com.unity.visualscripting@1.7.8\Editor\VisualScripting.Core\Plugins\PluginContainer.cs:208 
  at Unity.VisualScripting.PluginContainer.InitializeOnLoad () [0x00009] in D:\Documents & projects\Unity projects\Project_TopDown\TopDownArena\Library\PackageCache\com.unity.visualscripting@1.7.8\Editor\VisualScripting.Core\Plugins\PluginContainer.cs:32 
  at Unity.VisualScripting.VSUsageUtility.DoInitializeOnLoadCalls () [0x00034] in D:\Documents & projects\Unity projects\Project_TopDown\TopDownArena\Library\PackageCache\com.unity.visualscripting@1.7.8\Editor\VisualScripting.Core\Utilities\VSUsageUtility.cs:76 
  at Unity.VisualScripting.VSUsageUtility.set_isVisualScriptingUsed (System.Boolean value) [0x0002c] in D:\Documents & projects\Unity projects\Project_TopDown\TopDownArena\Library\PackageCache\com.unity.visualscripting@1.7.8\Editor\VisualScripting.Core\Utilities\VSUsageUtility.cs:114 
  at Unity.VisualScripting.VSUsageUtility.CheckAndSetIsVisualScriptingUsed () [0x0000d] in D:\Documents & projects\Unity projects\Project_TopDown\TopDownArena\Library\PackageCache\com.unity.visualscripting@1.7.8\Editor\VisualScripting.Core\Utilities\VSUsageUtility.cs:33 
  at Unity.VisualScripting.VSUsageUtility..cctor () [0x00000] in D:\Documents & projects\Unity projects\Project_TopDown\TopDownArena\Library\PackageCache\com.unity.visualscripting@1.7.8\Editor\VisualScripting.Core\Utilities\VSUsageUtility.cs:22 
UnityEngine.StackTraceUtility:ExtractStackTrace ()
UnityEngine.DebugLogHandler:LogFormat (UnityEngine.LogType,UnityEngine.Object,string,object[])
UnityEngine.Logger:Log (UnityEngine.LogType,object)
UnityEngine.Debug:LogError (object)
UnityEditor.EditorAssemblies:ProcessInitializeOnLoadAttributes (System.Type[])

Mono: successfully reloaded assembly
- Completed reload, in  3.039 seconds
Domain Reload Profiling:
	ReloadAssembly (3040ms)
		BeginReloadAssembly (490ms)
			ExecutionOrderSort (0ms)
			DisableScriptedObjects (19ms)
			BackupInstance (0ms)
			ReleaseScriptingObjects (0ms)
			CreateAndSetChildDomain (201ms)
		EndReloadAssembly (2419ms)
			LoadAssemblies (163ms)
			RebuildTransferFunctionScriptingTraits (0ms)
			SetupTypeCache (438ms)
			ReleaseScriptCaches (3ms)
			RebuildScriptCaches (80ms)
			SetupLoadedEditorAssemblies (1350ms)
				LogAssemblyErrors (0ms)
				InitializePlatformSupportModulesInManaged (11ms)
				SetLoadedEditorAssemblies (1ms)
				RefreshPlugins (2ms)
				BeforeProcessingInitializeOnLoad (123ms)
				ProcessInitializeOnLoadAttributes (1127ms)
				ProcessInitializeOnLoadMethodAttributes (83ms)
				AfterProcessingInitializeOnLoad (3ms)
				EditorAssembliesLoaded (0ms)
			ExecutionOrderSort2 (0ms)
			AwakeInstancesAfterBackupRestoration (9ms)
Platform modules already initialized, skipping
Refreshing native plugins compatible for Editor in 2.55 ms, found 3 plugins.
Preloading 0 native plugins for Editor in 0.00 ms.
Unloading 6205 Unused Serialized files (Serialized files now loaded: 0)
Unloading 56 unused Assets / (2.7 MB). Loaded Objects now: 6967.
Memory consumption went from 331.5 MB to 328.8 MB.
Total: 12.836900 ms (FindLiveObjects: 0.484800 ms CreateObjectMapping: 0.383500 ms MarkObjects: 11.266900 ms  DeleteObjects: 0.700500 ms)

AssetImportParameters requested are different than current active one (requested -> active):
  custom:video-decoder-ogg-theora: a1e56fd34408186e4bbccfd4996cb3dc -> 
  custom:container-muxer-webm: aa71ff27fc2769a1b78a27578f13a17b -> 
  custom:container-demuxer-webm: 4f35f7cbe854078d1ac9338744f61a02 -> 
  custom:video-encoder-webm-vp8: eb34c28f22e8b96e1ab97ce403110664 -> 
  custom:audio-encoder-webm-vorbis: bf7c407c2cedff20999df2af8eb42d56 -> 
  custom:framework-win-MediaFoundation: 216162199b28c13a410421893ffa2e32 -> 
  custom:container-demuxer-ogg: 62fdf1f143b41e24485cea50d1cbac27 -> 
  custom:video-decoder-webm-vp8: 9c59270c3fd7afecdb556c50c9e8de78 -> 
  custom:audio-decoder-ogg-vorbis: bf7c407c2cedff20999df2af8eb42d56 -> 
========================================================================
Received Prepare
Registering precompiled user dll's ...
Registered in 0.007422 seconds.
Begin MonoManager ReloadAssembly
Symbol file LoadedFromMemory doesn't match image D:\Documents & projects\Unity projects\Project_TopDown\TopDownArena\Library\PackageCache\com.unity.visualscripting@1.7.8\Editor\VisualScripting.Core\Dependencies\YamlDotNet\Unity.VisualScripting.YamlDotNet.dll
Symbol file LoadedFromMemory doesn't match image D:\Documents & projects\Unity projects\Project_TopDown\TopDownArena\Library\PackageCache\com.unity.visualscripting@1.7.8\Editor\VisualScripting.Core\Dependencies\DotNetZip\Unity.VisualScripting.IonicZip.dll
Native extension for WindowsStandalone target not found
Native extension for WebGL target not found
Refreshing native plugins compatible for Editor in 1.62 ms, found 3 plugins.
Preloading 0 native plugins for Editor in 0.00 ms.
System.Exception: Error! Visual Scripting: couldn't find visual scripting package
  at Unity.VisualScripting.PackageVersionUtility.get_version () [0x00043] in D:\Documents & projects\Unity projects\Project_TopDown\TopDownArena\Library\PackageCache\com.unity.visualscripting@1.7.8\Editor\VisualScripting.Core\Utilities\PackageVersionUtility.cs:31 
  at Unity.VisualScripting.BoltCoreManifest.get_version () [0x00000] in D:\Documents & projects\Unity projects\Project_TopDown\TopDownArena\Library\PackageCache\com.unity.visualscripting@1.7.8\Editor\VisualScripting.Core\Plugin\BoltCoreManifest.cs:11 
  at Unity.VisualScripting.PluginManifest.get_currentVersion () [0x00000] in D:\Documents & projects\Unity projects\Project_TopDown\TopDownArena\Library\PackageCache\com.unity.visualscripting@1.7.8\Editor\VisualScripting.Core\Plugins\PluginManifest.cs:33 
  at Unity.VisualScripting.PluginManifest.get_versionMismatch () [0x00000] in D:\Documents & projects\Unity projects\Project_TopDown\TopDownArena\Library\PackageCache\com.unity.visualscripting@1.7.8\Editor\VisualScripting.Core\Plugins\PluginManifest.cs:48 
  at Unity.VisualScripting.PluginContainer.Initialize () [0x00525] in D:\Documents & projects\Unity projects\Project_TopDown\TopDownArena\Library\PackageCache\com.unity.visualscripting@1.7.8\Editor\VisualScripting.Core\Plugins\PluginContainer.cs:208 
  at Unity.VisualScripting.PluginContainer.InitializeOnLoad () [0x00009] in D:\Documents & projects\Unity projects\Project_TopDown\TopDownArena\Library\PackageCache\com.unity.visualscripting@1.7.8\Editor\VisualScripting.Core\Plugins\PluginContainer.cs:32 
  at Unity.VisualScripting.VSUsageUtility.DoInitializeOnLoadCalls () [0x00034] in D:\Documents & projects\Unity projects\Project_TopDown\TopDownArena\Library\PackageCache\com.unity.visualscripting@1.7.8\Editor\VisualScripting.Core\Utilities\VSUsageUtility.cs:76 
  at Unity.VisualScripting.VSUsageUtility.set_isVisualScriptingUsed (System.Boolean value) [0x0002c] in D:\Documents & projects\Unity projects\Project_TopDown\TopDownArena\Library\PackageCache\com.unity.visualscripting@1.7.8\Editor\VisualScripting.Core\Utilities\VSUsageUtility.cs:114 
  at Unity.VisualScripting.VSUsageUtility.CheckAndSetIsVisualScriptingUsed () [0x0000d] in D:\Documents & projects\Unity projects\Project_TopDown\TopDownArena\Library\PackageCache\com.unity.visualscripting@1.7.8\Editor\VisualScripting.Core\Utilities\VSUsageUtility.cs:33 
  at Unity.VisualScripting.VSUsageUtility..cctor () [0x00000] in D:\Documents & projects\Unity projects\Project_TopDown\TopDownArena\Library\PackageCache\com.unity.visualscripting@1.7.8\Editor\VisualScripting.Core\Utilities\VSUsageUtility.cs:22 
UnityEngine.StackTraceUtility:ExtractStackTrace ()
UnityEngine.DebugLogHandler:LogFormat (UnityEngine.LogType,UnityEngine.Object,string,object[])
UnityEngine.Logger:Log (UnityEngine.LogType,object)
UnityEngine.Debug:LogError (object)
UnityEditor.EditorAssemblies:ProcessInitializeOnLoadAttributes (System.Type[])

Mono: successfully reloaded assembly
- Completed reload, in  1.700 seconds
Domain Reload Profiling:
	ReloadAssembly (1701ms)
		BeginReloadAssembly (148ms)
			ExecutionOrderSort (0ms)
			DisableScriptedObjects (5ms)
			BackupInstance (0ms)
			ReleaseScriptingObjects (0ms)
			CreateAndSetChildDomain (47ms)
		EndReloadAssembly (1460ms)
			LoadAssemblies (95ms)
			RebuildTransferFunctionScriptingTraits (0ms)
			SetupTypeCache (314ms)
			ReleaseScriptCaches (2ms)
			RebuildScriptCaches (67ms)
			SetupLoadedEditorAssemblies (657ms)
				LogAssemblyErrors (0ms)
				InitializePlatformSupportModulesInManaged (12ms)
				SetLoadedEditorAssemblies (1ms)
				RefreshPlugins (2ms)
				BeforeProcessingInitializeOnLoad (112ms)
				ProcessInitializeOnLoadAttributes (465ms)
				ProcessInitializeOnLoadMethodAttributes (63ms)
				AfterProcessingInitializeOnLoad (3ms)
				EditorAssembliesLoaded (0ms)
			ExecutionOrderSort2 (0ms)
			AwakeInstancesAfterBackupRestoration (9ms)
Platform modules already initialized, skipping
Refreshing native plugins compatible for Editor in 2.34 ms, found 3 plugins.
Preloading 0 native plugins for Editor in 0.00 ms.
Unloading 6205 Unused Serialized files (Serialized files now loaded: 0)
Unloading 46 unused Assets / (2.7 MB). Loaded Objects now: 6984.
Memory consumption went from 331.5 MB to 328.8 MB.
Total: 11.732600 ms (FindLiveObjects: 0.480700 ms CreateObjectMapping: 0.390000 ms MarkObjects: 10.287300 ms  DeleteObjects: 0.572500 ms)

AssetImportParameters requested are different than current active one (requested -> active):
  custom:video-decoder-ogg-theora: a1e56fd34408186e4bbccfd4996cb3dc -> 
  custom:container-muxer-webm: aa71ff27fc2769a1b78a27578f13a17b -> 
  custom:container-demuxer-webm: 4f35f7cbe854078d1ac9338744f61a02 -> 
  custom:video-encoder-webm-vp8: eb34c28f22e8b96e1ab97ce403110664 -> 
  custom:audio-encoder-webm-vorbis: bf7c407c2cedff20999df2af8eb42d56 -> 
  custom:framework-win-MediaFoundation: 216162199b28c13a410421893ffa2e32 -> 
  custom:container-demuxer-ogg: 62fdf1f143b41e24485cea50d1cbac27 -> 
  custom:video-decoder-webm-vp8: 9c59270c3fd7afecdb556c50c9e8de78 -> 
  custom:audio-decoder-ogg-vorbis: bf7c407c2cedff20999df2af8eb42d56 -> 
========================================================================
Received Import Request.
  Time since last request: 579.953619 seconds.
  path: Assets/Unity.VisualScripting.Generated/VisualScripting.Flow
  artifactKey: Guid(62cf567af24461d40bcca4086773ea54) Importer(815301076,1909f56bfc062723c751e8b465ee728b)
Start importing Assets/Unity.VisualScripting.Generated/VisualScripting.Flow using Guid(62cf567af24461d40bcca4086773ea54) Importer(815301076,1909f56bfc062723c751e8b465ee728b)  -> (artifact id: '1046e9d79fb82b57442d8974f6a4519c') in 0.015103 seconds 
========================================================================
Received Import Request.
  Time since last request: 38.821765 seconds.
  path: Assets/Grass/testGrass/SimpleVegetation.ShaderGraph
  artifactKey: Guid(d5df5ca55997c1a44a13f478cc6a8739) Importer(815301076,1909f56bfc062723c751e8b465ee728b)
Start importing Assets/Grass/testGrass/SimpleVegetation.ShaderGraph using Guid(d5df5ca55997c1a44a13f478cc6a8739) Importer(815301076,1909f56bfc062723c751e8b465ee728b)  -> (artifact id: '6a7c0f52b0c7ecb30e543cc1f95fc670') in 0.026103 seconds 
========================================================================
Received Import Request.
  Time since last request: 58.503857 seconds.
  path: Assets/Prefabs/ITEM_TEMP_AmmoCrate.prefab
  artifactKey: Guid(1682dd0b542941247a80c7d2ac67e385) Importer(815301076,1909f56bfc062723c751e8b465ee728b)
Start importing Assets/Prefabs/ITEM_TEMP_AmmoCrate.prefab using Guid(1682dd0b542941247a80c7d2ac67e385) Importer(815301076,1909f56bfc062723c751e8b465ee728b)  -> (artifact id: '2584e0e242acc66f576d348c4626f34c') in 0.652993 seconds 
========================================================================
Received Import Request.
  Time since last request: 29.336050 seconds.
  path: Assets/Grass/testGrass/TestGrass2.fbx
  artifactKey: Guid(8e7fe3801fd3cb648b5c9f6eb8f1db21) Importer(815301076,1909f56bfc062723c751e8b465ee728b)
Start importing Assets/Grass/testGrass/TestGrass2.fbx using Guid(8e7fe3801fd3cb648b5c9f6eb8f1db21) Importer(815301076,1909f56bfc062723c751e8b465ee728b)  -> (artifact id: '165a4488463f6bf8bdd54f1323ff11ca') in 0.130999 seconds 
========================================================================
Received Import Request.
  Time since last request: 4.455193 seconds.
  path: Assets/Grass/testGrass/2.fbx
  artifactKey: Guid(4b636db4c6cc0794a87e15f2fb8bb083) Importer(815301076,1909f56bfc062723c751e8b465ee728b)
Start importing Assets/Grass/testGrass/2.fbx using Guid(4b636db4c6cc0794a87e15f2fb8bb083) Importer(815301076,1909f56bfc062723c751e8b465ee728b)  -> (artifact id: 'c0cba0f730ba48be099ff36dfded4338') in 0.088316 seconds 
========================================================================
Received Import Request.
  Time since last request: 14.184291 seconds.
  path: Assets/Grass/testGrass/anotherTestGrass2.fbx
  artifactKey: Guid(4b636db4c6cc0794a87e15f2fb8bb083) Importer(815301076,1909f56bfc062723c751e8b465ee728b)
Start importing Assets/Grass/testGrass/anotherTestGrass2.fbx using Guid(4b636db4c6cc0794a87e15f2fb8bb083) Importer(815301076,1909f56bfc062723c751e8b465ee728b)  -> (artifact id: '378b14deb60d9189c361d2fe1c69ab67') in 0.036530 seconds 
========================================================================
Received Import Request.
  Time since last request: 29.298658 seconds.
  path: Assets/Grass/testGrass/Quixel/Megascans
  artifactKey: Guid(876c7f4ac6936624b83bf2468b3b0cc8) Importer(815301076,1909f56bfc062723c751e8b465ee728b)
Start importing Assets/Grass/testGrass/Quixel/Megascans using Guid(876c7f4ac6936624b83bf2468b3b0cc8) Importer(815301076,1909f56bfc062723c751e8b465ee728b)  -> (artifact id: '7a1391773973c9bdc9addc370eb56a24') in 0.006952 seconds 
========================================================================
Received Import Request.
  Time since last request: 0.627477 seconds.
  path: Assets/Grass/testGrass/Quixel/Megascans/Rock_Sandstone_plras
  artifactKey: Guid(e9ac6f2d2fab8534b98cab9659edb7e7) Importer(815301076,1909f56bfc062723c751e8b465ee728b)
Start importing Assets/Grass/testGrass/Quixel/Megascans/Rock_Sandstone_plras using Guid(e9ac6f2d2fab8534b98cab9659edb7e7) Importer(815301076,1909f56bfc062723c751e8b465ee728b)  -> (artifact id: '1bc1e97a05697ccf2b5f87801ff872cc') in 0.005782 seconds 
========================================================================
Received Import Request.
  Time since last request: 8.163856 seconds.
  path: Assets/Grass/testGrass/StandardShader.ShaderGraph
  artifactKey: Guid(3526713f374752345a09f1470bad831e) Importer(815301076,1909f56bfc062723c751e8b465ee728b)
Start importing Assets/Grass/testGrass/StandardShader.ShaderGraph using Guid(3526713f374752345a09f1470bad831e) Importer(815301076,1909f56bfc062723c751e8b465ee728b)  -> (artifact id: '5196c0302f745eb8a8babb3349ce0290') in 0.008443 seconds 
========================================================================
Received Import Request.
  Time since last request: 13.534188 seconds.
  path: Assets/Grass/testGrass/SkyboxCubemap.shader
  artifactKey: Guid(b0060a1618fad3040b3a7766f58a8b24) Importer(815301076,1909f56bfc062723c751e8b465ee728b)
Start importing Assets/Grass/testGrass/SkyboxCubemap.shader using Guid(b0060a1618fad3040b3a7766f58a8b24) Importer(815301076,1909f56bfc062723c751e8b465ee728b)  -> (artifact id: 'a1090ff1429da3c6c2240208182da82d') in 0.007051 seconds 
========================================================================
Received Import Request.
  Time since last request: 119.395752 seconds.
  path: Assets/Animations/Sun
  artifactKey: Guid(eef230f9715568847a4b554f7d64a6f4) Importer(815301076,1909f56bfc062723c751e8b465ee728b)
Start importing Assets/Animations/Sun using Guid(eef230f9715568847a4b554f7d64a6f4) Importer(815301076,1909f56bfc062723c751e8b465ee728b)  -> (artifact id: '1f9abd65f1fd94b2323a9b6968498db3') in 0.005934 seconds 
========================================================================
Received Import Request.
  Time since last request: 1.269341 seconds.
  path: Assets/Animations/ANIC_TestYBot.controller
  artifactKey: Guid(3ee1efbbc27746c4f836f75eb37e3402) Importer(815301076,1909f56bfc062723c751e8b465ee728b)
Start importing Assets/Animations/ANIC_TestYBot.controller using Guid(3ee1efbbc27746c4f836f75eb37e3402) Importer(815301076,1909f56bfc062723c751e8b465ee728b)  -> (artifact id: '4f446ace3ca6c58f6f6c4ef54ef4cead') in 1.144823 seconds 
========================================================================
Received Import Request.
  Time since last request: 14.922017 seconds.
  path: Assets/Animations/Player
  artifactKey: Guid(d0c3c36707aba0541ab1a6bba5515951) Importer(815301076,1909f56bfc062723c751e8b465ee728b)
Start importing Assets/Animations/Player using Guid(d0c3c36707aba0541ab1a6bba5515951) Importer(815301076,1909f56bfc062723c751e8b465ee728b)  -> (artifact id: 'cf84a4f5973f7cb9e650e0522a4ad137') in 0.011950 seconds 
========================================================================
Received Import Request.
  Time since last request: 14.412879 seconds.
  path: Assets/Animations/Weapon
  artifactKey: Guid(ffd0963f025342e4a90ad5ad22d36871) Importer(815301076,1909f56bfc062723c751e8b465ee728b)
Start importing Assets/Animations/Weapon using Guid(ffd0963f025342e4a90ad5ad22d36871) Importer(815301076,1909f56bfc062723c751e8b465ee728b)  -> (artifact id: '789e286663f8b8f8739108b049daa600') in 0.010234 seconds 
========================================================================
Received Import Request.
  Time since last request: 42.523406 seconds.
  path: Assets/Animations/ANIM_TEST_TitleAppearing.anim
  artifactKey: Guid(9ca515a2c8c9c9f48a2da669ad640770) Importer(815301076,1909f56bfc062723c751e8b465ee728b)
Start importing Assets/Animations/ANIM_TEST_TitleAppearing.anim using Guid(9ca515a2c8c9c9f48a2da669ad640770) Importer(815301076,1909f56bfc062723c751e8b465ee728b)  -> (artifact id: '12682731aa29d2fdca023e532c5cb94f') in 0.022283 seconds 
========================================================================
Received Import Request.
  Time since last request: 0.532407 seconds.
  path: Assets/Animations/ANIM_TEST_Walk.anim
  artifactKey: Guid(0cf955304a22ecb4da8d13946820e1d7) Importer(815301076,1909f56bfc062723c751e8b465ee728b)
Start importing Assets/Animations/ANIM_TEST_Walk.anim using Guid(0cf955304a22ecb4da8d13946820e1d7) Importer(815301076,1909f56bfc062723c751e8b465ee728b)  -> (artifact id: '38e181fa74ba5500ec862ee7e42ae65b') in 0.336875 seconds 
========================================================================
Received Import Request.
  Time since last request: 5.887013 seconds.
  path: Assets/Animations/ContainerInventoryGrid.controller
  artifactKey: Guid(7938272456f8fe849879e875da8bb1e5) Importer(815301076,1909f56bfc062723c751e8b465ee728b)
Start importing Assets/Animations/ContainerInventoryGrid.controller using Guid(7938272456f8fe849879e875da8bb1e5) Importer(815301076,1909f56bfc062723c751e8b465ee728b)  -> (artifact id: '7b55d6b14858e61d89f3872483822ca5') in 0.159687 seconds 
========================================================================
Received Prepare
Registering precompiled user dll's ...
Registered in 0.009322 seconds.
Begin MonoManager ReloadAssembly
Symbol file LoadedFromMemory doesn't match image D:\Documents & projects\Unity projects\Project_TopDown\TopDownArena\Library\PackageCache\com.unity.visualscripting@1.7.8\Editor\VisualScripting.Core\Dependencies\YamlDotNet\Unity.VisualScripting.YamlDotNet.dll
Symbol file LoadedFromMemory doesn't match image D:\Documents & projects\Unity projects\Project_TopDown\TopDownArena\Library\PackageCache\com.unity.visualscripting@1.7.8\Editor\VisualScripting.Core\Dependencies\DotNetZip\Unity.VisualScripting.IonicZip.dll
Native extension for WindowsStandalone target not found
Native extension for WebGL target not found
Refreshing native plugins compatible for Editor in 1.10 ms, found 3 plugins.
Preloading 0 native plugins for Editor in 0.00 ms.
System.Exception: Error! Visual Scripting: couldn't find visual scripting package
  at Unity.VisualScripting.PackageVersionUtility.get_version () [0x00043] in D:\Documents & projects\Unity projects\Project_TopDown\TopDownArena\Library\PackageCache\com.unity.visualscripting@1.7.8\Editor\VisualScripting.Core\Utilities\PackageVersionUtility.cs:31 
  at Unity.VisualScripting.BoltCoreManifest.get_version () [0x00000] in D:\Documents & projects\Unity projects\Project_TopDown\TopDownArena\Library\PackageCache\com.unity.visualscripting@1.7.8\Editor\VisualScripting.Core\Plugin\BoltCoreManifest.cs:11 
  at Unity.VisualScripting.PluginManifest.get_currentVersion () [0x00000] in D:\Documents & projects\Unity projects\Project_TopDown\TopDownArena\Library\PackageCache\com.unity.visualscripting@1.7.8\Editor\VisualScripting.Core\Plugins\PluginManifest.cs:33 
  at Unity.VisualScripting.PluginManifest.get_versionMismatch () [0x00000] in D:\Documents & projects\Unity projects\Project_TopDown\TopDownArena\Library\PackageCache\com.unity.visualscripting@1.7.8\Editor\VisualScripting.Core\Plugins\PluginManifest.cs:48 
  at Unity.VisualScripting.PluginContainer.Initialize () [0x00525] in D:\Documents & projects\Unity projects\Project_TopDown\TopDownArena\Library\PackageCache\com.unity.visualscripting@1.7.8\Editor\VisualScripting.Core\Plugins\PluginContainer.cs:208 
  at Unity.VisualScripting.PluginContainer.InitializeOnLoad () [0x00009] in D:\Documents & projects\Unity projects\Project_TopDown\TopDownArena\Library\PackageCache\com.unity.visualscripting@1.7.8\Editor\VisualScripting.Core\Plugins\PluginContainer.cs:32 
  at Unity.VisualScripting.VSUsageUtility.DoInitializeOnLoadCalls () [0x00034] in D:\Documents & projects\Unity projects\Project_TopDown\TopDownArena\Library\PackageCache\com.unity.visualscripting@1.7.8\Editor\VisualScripting.Core\Utilities\VSUsageUtility.cs:76 
  at Unity.VisualScripting.VSUsageUtility.set_isVisualScriptingUsed (System.Boolean value) [0x0002c] in D:\Documents & projects\Unity projects\Project_TopDown\TopDownArena\Library\PackageCache\com.unity.visualscripting@1.7.8\Editor\VisualScripting.Core\Utilities\VSUsageUtility.cs:114 
  at Unity.VisualScripting.VSUsageUtility.CheckAndSetIsVisualScriptingUsed () [0x0000d] in D:\Documents & projects\Unity projects\Project_TopDown\TopDownArena\Library\PackageCache\com.unity.visualscripting@1.7.8\Editor\VisualScripting.Core\Utilities\VSUsageUtility.cs:33 
  at Unity.VisualScripting.VSUsageUtility..cctor () [0x00000] in D:\Documents & projects\Unity projects\Project_TopDown\TopDownArena\Library\PackageCache\com.unity.visualscripting@1.7.8\Editor\VisualScripting.Core\Utilities\VSUsageUtility.cs:22 
UnityEngine.StackTraceUtility:ExtractStackTrace ()
UnityEngine.DebugLogHandler:LogFormat (UnityEngine.LogType,UnityEngine.Object,string,object[])
UnityEngine.Logger:Log (UnityEngine.LogType,object)
UnityEngine.Debug:LogError (object)
UnityEditor.EditorAssemblies:ProcessInitializeOnLoadAttributes (System.Type[])

Mono: successfully reloaded assembly
- Completed reload, in  2.477 seconds
Domain Reload Profiling:
	ReloadAssembly (2478ms)
		BeginReloadAssembly (185ms)
			ExecutionOrderSort (0ms)
			DisableScriptedObjects (6ms)
			BackupInstance (0ms)
			ReleaseScriptingObjects (0ms)
			CreateAndSetChildDomain (59ms)
		EndReloadAssembly (2176ms)
			LoadAssemblies (126ms)
			RebuildTransferFunctionScriptingTraits (0ms)
			SetupTypeCache (822ms)
			ReleaseScriptCaches (3ms)
			RebuildScriptCaches (101ms)
			SetupLoadedEditorAssemblies (783ms)
				LogAssemblyErrors (0ms)
				InitializePlatformSupportModulesInManaged (18ms)
				SetLoadedEditorAssemblies (1ms)
				RefreshPlugins (1ms)
				BeforeProcessingInitializeOnLoad (121ms)
				ProcessInitializeOnLoadAttributes (561ms)
				ProcessInitializeOnLoadMethodAttributes (78ms)
				AfterProcessingInitializeOnLoad (4ms)
				EditorAssembliesLoaded (0ms)
			ExecutionOrderSort2 (0ms)
			AwakeInstancesAfterBackupRestoration (12ms)
Platform modules already initialized, skipping
Refreshing native plugins compatible for Editor in 2.87 ms, found 3 plugins.
Preloading 0 native plugins for Editor in 0.00 ms.
Unloading 6205 Unused Serialized files (Serialized files now loaded: 0)
Unloading 46 unused Assets / (2.7 MB). Loaded Objects now: 7004.
Memory consumption went from 331.6 MB to 329.0 MB.
Total: 15.044900 ms (FindLiveObjects: 0.523300 ms CreateObjectMapping: 0.600500 ms MarkObjects: 13.236900 ms  DeleteObjects: 0.682800 ms)

AssetImportParameters requested are different than current active one (requested -> active):
  custom:video-decoder-ogg-theora: a1e56fd34408186e4bbccfd4996cb3dc -> 
  custom:container-muxer-webm: aa71ff27fc2769a1b78a27578f13a17b -> 
  custom:container-demuxer-webm: 4f35f7cbe854078d1ac9338744f61a02 -> 
  custom:video-encoder-webm-vp8: eb34c28f22e8b96e1ab97ce403110664 -> 
  custom:audio-encoder-webm-vorbis: bf7c407c2cedff20999df2af8eb42d56 -> 
  custom:framework-win-MediaFoundation: 216162199b28c13a410421893ffa2e32 -> 
  custom:container-demuxer-ogg: 62fdf1f143b41e24485cea50d1cbac27 -> 
  custom:video-decoder-webm-vp8: 9c59270c3fd7afecdb556c50c9e8de78 -> 
  custom:audio-decoder-ogg-vorbis: bf7c407c2cedff20999df2af8eb42d56 -> 
========================================================================
Received Import Request.
  Time since last request: 167.387563 seconds.
  path: Assets/ScriptableObjects/Items
  artifactKey: Guid(a659511eb9fedc04a9c2ea9f6d589c5f) Importer(815301076,1909f56bfc062723c751e8b465ee728b)
Start importing Assets/ScriptableObjects/Items using Guid(a659511eb9fedc04a9c2ea9f6d589c5f) Importer(815301076,1909f56bfc062723c751e8b465ee728b)  -> (artifact id: '8cfd9f894473e6038467de306ba33b9c') in 0.064616 seconds 
========================================================================
Received Import Request.
  Time since last request: 14.883264 seconds.
  path: Assets/Prefabs/anotherTestGrass Variant.prefab
  artifactKey: Guid(6337e46a4d8b8dd448dc3caae9a97e17) Importer(815301076,1909f56bfc062723c751e8b465ee728b)
Start importing Assets/Prefabs/anotherTestGrass Variant.prefab using Guid(6337e46a4d8b8dd448dc3caae9a97e17) Importer(815301076,1909f56bfc062723c751e8b465ee728b)  -> (artifact id: '7d9aeddef13f03aa075279798fd6f480') in 0.157334 seconds 
========================================================================
Received Prepare
Registering precompiled user dll's ...
Registered in 0.007947 seconds.
Begin MonoManager ReloadAssembly
Symbol file LoadedFromMemory doesn't match image D:\Documents & projects\Unity projects\Project_TopDown\TopDownArena\Library\PackageCache\com.unity.visualscripting@1.7.8\Editor\VisualScripting.Core\Dependencies\YamlDotNet\Unity.VisualScripting.YamlDotNet.dll
Symbol file LoadedFromMemory doesn't match image D:\Documents & projects\Unity projects\Project_TopDown\TopDownArena\Library\PackageCache\com.unity.visualscripting@1.7.8\Editor\VisualScripting.Core\Dependencies\DotNetZip\Unity.VisualScripting.IonicZip.dll
Native extension for WindowsStandalone target not found
Native extension for WebGL target not found
Refreshing native plugins compatible for Editor in 2.36 ms, found 3 plugins.
Preloading 0 native plugins for Editor in 0.00 ms.
System.Exception: Error! Visual Scripting: couldn't find visual scripting package
  at Unity.VisualScripting.PackageVersionUtility.get_version () [0x00043] in D:\Documents & projects\Unity projects\Project_TopDown\TopDownArena\Library\PackageCache\com.unity.visualscripting@1.7.8\Editor\VisualScripting.Core\Utilities\PackageVersionUtility.cs:31 
  at Unity.VisualScripting.BoltCoreManifest.get_version () [0x00000] in D:\Documents & projects\Unity projects\Project_TopDown\TopDownArena\Library\PackageCache\com.unity.visualscripting@1.7.8\Editor\VisualScripting.Core\Plugin\BoltCoreManifest.cs:11 
  at Unity.VisualScripting.PluginManifest.get_currentVersion () [0x00000] in D:\Documents & projects\Unity projects\Project_TopDown\TopDownArena\Library\PackageCache\com.unity.visualscripting@1.7.8\Editor\VisualScripting.Core\Plugins\PluginManifest.cs:33 
  at Unity.VisualScripting.PluginManifest.get_versionMismatch () [0x00000] in D:\Documents & projects\Unity projects\Project_TopDown\TopDownArena\Library\PackageCache\com.unity.visualscripting@1.7.8\Editor\VisualScripting.Core\Plugins\PluginManifest.cs:48 
  at Unity.VisualScripting.PluginContainer.Initialize () [0x00525] in D:\Documents & projects\Unity projects\Project_TopDown\TopDownArena\Library\PackageCache\com.unity.visualscripting@1.7.8\Editor\VisualScripting.Core\Plugins\PluginContainer.cs:208 
  at Unity.VisualScripting.PluginContainer.InitializeOnLoad () [0x00009] in D:\Documents & projects\Unity projects\Project_TopDown\TopDownArena\Library\PackageCache\com.unity.visualscripting@1.7.8\Editor\VisualScripting.Core\Plugins\PluginContainer.cs:32 
  at Unity.VisualScripting.VSUsageUtility.DoInitializeOnLoadCalls () [0x00034] in D:\Documents & projects\Unity projects\Project_TopDown\TopDownArena\Library\PackageCache\com.unity.visualscripting@1.7.8\Editor\VisualScripting.Core\Utilities\VSUsageUtility.cs:76 
  at Unity.VisualScripting.VSUsageUtility.set_isVisualScriptingUsed (System.Boolean value) [0x0002c] in D:\Documents & projects\Unity projects\Project_TopDown\TopDownArena\Library\PackageCache\com.unity.visualscripting@1.7.8\Editor\VisualScripting.Core\Utilities\VSUsageUtility.cs:114 
  at Unity.VisualScripting.VSUsageUtility.CheckAndSetIsVisualScriptingUsed () [0x0000d] in D:\Documents & projects\Unity projects\Project_TopDown\TopDownArena\Library\PackageCache\com.unity.visualscripting@1.7.8\Editor\VisualScripting.Core\Utilities\VSUsageUtility.cs:33 
  at Unity.VisualScripting.VSUsageUtility..cctor () [0x00000] in D:\Documents & projects\Unity projects\Project_TopDown\TopDownArena\Library\PackageCache\com.unity.visualscripting@1.7.8\Editor\VisualScripting.Core\Utilities\VSUsageUtility.cs:22 
UnityEngine.StackTraceUtility:ExtractStackTrace ()
UnityEngine.DebugLogHandler:LogFormat (UnityEngine.LogType,UnityEngine.Object,string,object[])
UnityEngine.Logger:Log (UnityEngine.LogType,object)
UnityEngine.Debug:LogError (object)
UnityEditor.EditorAssemblies:ProcessInitializeOnLoadAttributes (System.Type[])

Mono: successfully reloaded assembly
- Completed reload, in  2.504 seconds
Domain Reload Profiling:
	ReloadAssembly (2505ms)
		BeginReloadAssembly (178ms)
			ExecutionOrderSort (0ms)
			DisableScriptedObjects (9ms)
			BackupInstance (0ms)
			ReleaseScriptingObjects (0ms)
			CreateAndSetChildDomain (53ms)
		EndReloadAssembly (2195ms)
			LoadAssemblies (124ms)
			RebuildTransferFunctionScriptingTraits (0ms)
			SetupTypeCache (412ms)
			ReleaseScriptCaches (3ms)
			RebuildScriptCaches (89ms)
			SetupLoadedEditorAssemblies (1233ms)
				LogAssemblyErrors (0ms)
				InitializePlatformSupportModulesInManaged (17ms)
				SetLoadedEditorAssemblies (1ms)
				RefreshPlugins (2ms)
				BeforeProcessingInitializeOnLoad (152ms)
				ProcessInitializeOnLoadAttributes (960ms)
				ProcessInitializeOnLoadMethodAttributes (97ms)
				AfterProcessingInitializeOnLoad (3ms)
				EditorAssembliesLoaded (0ms)
			ExecutionOrderSort2 (0ms)
			AwakeInstancesAfterBackupRestoration (11ms)
Platform modules already initialized, skipping
Refreshing native plugins compatible for Editor in 4.72 ms, found 3 plugins.
Preloading 0 native plugins for Editor in 0.00 ms.
Unloading 6205 Unused Serialized files (Serialized files now loaded: 0)
Unloading 46 unused Assets / (2.7 MB). Loaded Objects now: 7021.
Memory consumption went from 331.7 MB to 329.0 MB.
Total: 12.601900 ms (FindLiveObjects: 0.469800 ms CreateObjectMapping: 0.378500 ms MarkObjects: 11.117400 ms  DeleteObjects: 0.635200 ms)

AssetImportParameters requested are different than current active one (requested -> active):
  custom:video-decoder-ogg-theora: a1e56fd34408186e4bbccfd4996cb3dc -> 
  custom:container-muxer-webm: aa71ff27fc2769a1b78a27578f13a17b -> 
  custom:container-demuxer-webm: 4f35f7cbe854078d1ac9338744f61a02 -> 
  custom:video-encoder-webm-vp8: eb34c28f22e8b96e1ab97ce403110664 -> 
  custom:audio-encoder-webm-vorbis: bf7c407c2cedff20999df2af8eb42d56 -> 
  custom:framework-win-MediaFoundation: 216162199b28c13a410421893ffa2e32 -> 
  custom:container-demuxer-ogg: 62fdf1f143b41e24485cea50d1cbac27 -> 
  custom:video-decoder-webm-vp8: 9c59270c3fd7afecdb556c50c9e8de78 -> 
  custom:audio-decoder-ogg-vorbis: bf7c407c2cedff20999df2af8eb42d56 -> 
========================================================================
Received Prepare
Registering precompiled user dll's ...
Registered in 0.007296 seconds.
Begin MonoManager ReloadAssembly
Symbol file LoadedFromMemory doesn't match image D:\Documents & projects\Unity projects\Project_TopDown\TopDownArena\Library\PackageCache\com.unity.visualscripting@1.7.8\Editor\VisualScripting.Core\Dependencies\YamlDotNet\Unity.VisualScripting.YamlDotNet.dll
Symbol file LoadedFromMemory doesn't match image D:\Documents & projects\Unity projects\Project_TopDown\TopDownArena\Library\PackageCache\com.unity.visualscripting@1.7.8\Editor\VisualScripting.Core\Dependencies\DotNetZip\Unity.VisualScripting.IonicZip.dll
Native extension for WindowsStandalone target not found
Native extension for WebGL target not found
Refreshing native plugins compatible for Editor in 1.71 ms, found 3 plugins.
Preloading 0 native plugins for Editor in 0.00 ms.
System.Exception: Error! Visual Scripting: couldn't find visual scripting package
  at Unity.VisualScripting.PackageVersionUtility.get_version () [0x00043] in D:\Documents & projects\Unity projects\Project_TopDown\TopDownArena\Library\PackageCache\com.unity.visualscripting@1.7.8\Editor\VisualScripting.Core\Utilities\PackageVersionUtility.cs:31 
  at Unity.VisualScripting.BoltCoreManifest.get_version () [0x00000] in D:\Documents & projects\Unity projects\Project_TopDown\TopDownArena\Library\PackageCache\com.unity.visualscripting@1.7.8\Editor\VisualScripting.Core\Plugin\BoltCoreManifest.cs:11 
  at Unity.VisualScripting.PluginManifest.get_currentVersion () [0x00000] in D:\Documents & projects\Unity projects\Project_TopDown\TopDownArena\Library\PackageCache\com.unity.visualscripting@1.7.8\Editor\VisualScripting.Core\Plugins\PluginManifest.cs:33 
  at Unity.VisualScripting.PluginManifest.get_versionMismatch () [0x00000] in D:\Documents & projects\Unity projects\Project_TopDown\TopDownArena\Library\PackageCache\com.unity.visualscripting@1.7.8\Editor\VisualScripting.Core\Plugins\PluginManifest.cs:48 
  at Unity.VisualScripting.PluginContainer.Initialize () [0x00525] in D:\Documents & projects\Unity projects\Project_TopDown\TopDownArena\Library\PackageCache\com.unity.visualscripting@1.7.8\Editor\VisualScripting.Core\Plugins\PluginContainer.cs:208 
  at Unity.VisualScripting.PluginContainer.InitializeOnLoad () [0x00009] in D:\Documents & projects\Unity projects\Project_TopDown\TopDownArena\Library\PackageCache\com.unity.visualscripting@1.7.8\Editor\VisualScripting.Core\Plugins\PluginContainer.cs:32 
  at Unity.VisualScripting.VSUsageUtility.DoInitializeOnLoadCalls () [0x00034] in D:\Documents & projects\Unity projects\Project_TopDown\TopDownArena\Library\PackageCache\com.unity.visualscripting@1.7.8\Editor\VisualScripting.Core\Utilities\VSUsageUtility.cs:76 
  at Unity.VisualScripting.VSUsageUtility.set_isVisualScriptingUsed (System.Boolean value) [0x0002c] in D:\Documents & projects\Unity projects\Project_TopDown\TopDownArena\Library\PackageCache\com.unity.visualscripting@1.7.8\Editor\VisualScripting.Core\Utilities\VSUsageUtility.cs:114 
  at Unity.VisualScripting.VSUsageUtility.CheckAndSetIsVisualScriptingUsed () [0x0000d] in D:\Documents & projects\Unity projects\Project_TopDown\TopDownArena\Library\PackageCache\com.unity.visualscripting@1.7.8\Editor\VisualScripting.Core\Utilities\VSUsageUtility.cs:33 
  at Unity.VisualScripting.VSUsageUtility..cctor () [0x00000] in D:\Documents & projects\Unity projects\Project_TopDown\TopDownArena\Library\PackageCache\com.unity.visualscripting@1.7.8\Editor\VisualScripting.Core\Utilities\VSUsageUtility.cs:22 
UnityEngine.StackTraceUtility:ExtractStackTrace ()
UnityEngine.DebugLogHandler:LogFormat (UnityEngine.LogType,UnityEngine.Object,string,object[])
UnityEngine.Logger:Log (UnityEngine.LogType,object)
UnityEngine.Debug:LogError (object)
UnityEditor.EditorAssemblies:ProcessInitializeOnLoadAttributes (System.Type[])

Mono: successfully reloaded assembly
- Completed reload, in  2.370 seconds
Domain Reload Profiling:
	ReloadAssembly (2371ms)
		BeginReloadAssembly (176ms)
			ExecutionOrderSort (0ms)
			DisableScriptedObjects (7ms)
			BackupInstance (0ms)
			ReleaseScriptingObjects (0ms)
			CreateAndSetChildDomain (50ms)
		EndReloadAssembly (2083ms)
			LoadAssemblies (130ms)
			RebuildTransferFunctionScriptingTraits (0ms)
			SetupTypeCache (413ms)
			ReleaseScriptCaches (3ms)
			RebuildScriptCaches (86ms)
			SetupLoadedEditorAssemblies (1138ms)
				LogAssemblyErrors (0ms)
				InitializePlatformSupportModulesInManaged (14ms)
				SetLoadedEditorAssemblies (1ms)
				RefreshPlugins (2ms)
				BeforeProcessingInitializeOnLoad (137ms)
				ProcessInitializeOnLoadAttributes (892ms)
				ProcessInitializeOnLoadMethodAttributes (90ms)
				AfterProcessingInitializeOnLoad (4ms)
				EditorAssembliesLoaded (0ms)
			ExecutionOrderSort2 (0ms)
			AwakeInstancesAfterBackupRestoration (20ms)
Platform modules already initialized, skipping
Refreshing native plugins compatible for Editor in 2.82 ms, found 3 plugins.
Preloading 0 native plugins for Editor in 0.00 ms.
Unloading 6204 Unused Serialized files (Serialized files now loaded: 0)
Unloading 47 unused Assets / (2.7 MB). Loaded Objects now: 7037.
Memory consumption went from 331.6 MB to 329.0 MB.
Total: 13.972400 ms (FindLiveObjects: 0.591700 ms CreateObjectMapping: 0.510000 ms MarkObjects: 12.112300 ms  DeleteObjects: 0.757500 ms)

AssetImportParameters requested are different than current active one (requested -> active):
  custom:video-decoder-ogg-theora: a1e56fd34408186e4bbccfd4996cb3dc -> 
  custom:container-muxer-webm: aa71ff27fc2769a1b78a27578f13a17b -> 
  custom:container-demuxer-webm: 4f35f7cbe854078d1ac9338744f61a02 -> 
  custom:video-encoder-webm-vp8: eb34c28f22e8b96e1ab97ce403110664 -> 
  custom:audio-encoder-webm-vorbis: bf7c407c2cedff20999df2af8eb42d56 -> 
  custom:framework-win-MediaFoundation: 216162199b28c13a410421893ffa2e32 -> 
  custom:container-demuxer-ogg: 62fdf1f143b41e24485cea50d1cbac27 -> 
  custom:video-decoder-webm-vp8: 9c59270c3fd7afecdb556c50c9e8de78 -> 
  custom:audio-decoder-ogg-vorbis: bf7c407c2cedff20999df2af8eb42d56 -> 
Editor requested this worker to shutdown with reason: Scaling down because of idle timeout
AssetImportWorker is now disconnected from the server
Process exiting
Exiting without the bug reporter. Application will terminate with return code 0