Using pre-set license
Built from '2021.3/staging' branch; Version is '2021.3.6f1 (7da38d85baf6) revision 8233869'; Using compiler version '192829333'; Build Type 'Release'
OS: 'Windows 10  (10.0.19045) 64bit Core' Language: 'ru' Physical Memory: 16227 MB
BatchMode: 1, IsHumanControllingUs: 0, StartBugReporterOnCrash: 0, Is64bit: 1, IsPro: 1

COMMAND LINE ARGUMENTS:
E:\Programs\Unity Editor\2021.3.6f1\Editor\Unity.exe
-adb2
-batchMode
-noUpm
-name
AssetImportWorker2
-projectPath
D:/Documents & projects/Unity projects/Project_TopDown/TopDownArena
-logFile
Logs/AssetImportWorker2.log
-srvPort
53410
Successfully changed project path to: D:/Documents & projects/Unity projects/Project_TopDown/TopDownArena
D:/Documents & projects/Unity projects/Project_TopDown/TopDownArena
[UnityMemory] Configuration Parameters - Can be set up in boot.config
    "memorysetup-bucket-allocator-granularity=16"
    "memorysetup-bucket-allocator-bucket-count=8"
    "memorysetup-bucket-allocator-block-size=33554432"
    "memorysetup-bucket-allocator-block-count=8"
    "memorysetup-main-allocator-block-size=16777216"
    "memorysetup-thread-allocator-block-size=16777216"
    "memorysetup-gfx-main-allocator-block-size=16777216"
    "memorysetup-gfx-thread-allocator-block-size=16777216"
    "memorysetup-cache-allocator-block-size=4194304"
    "memorysetup-typetree-allocator-block-size=2097152"
    "memorysetup-profiler-bucket-allocator-granularity=16"
    "memorysetup-profiler-bucket-allocator-bucket-count=8"
    "memorysetup-profiler-bucket-allocator-block-size=33554432"
    "memorysetup-profiler-bucket-allocator-block-count=8"
    "memorysetup-profiler-allocator-block-size=16777216"
    "memorysetup-profiler-editor-allocator-block-size=1048576"
    "memorysetup-temp-allocator-size-main=16777216"
    "memorysetup-job-temp-allocator-block-size=2097152"
    "memorysetup-job-temp-allocator-block-size-background=1048576"
    "memorysetup-job-temp-allocator-reduction-small-platforms=262144"
    "memorysetup-temp-allocator-size-background-worker=32768"
    "memorysetup-temp-allocator-size-job-worker=262144"
    "memorysetup-temp-allocator-size-preload-manager=33554432"
    "memorysetup-temp-allocator-size-nav-mesh-worker=65536"
    "memorysetup-temp-allocator-size-audio-worker=65536"
    "memorysetup-temp-allocator-size-cloud-worker=32768"
    "memorysetup-temp-allocator-size-gi-baking-worker=262144"
    "memorysetup-temp-allocator-size-gfx=262144"
Refreshing native plugins compatible for Editor in 193.00 ms, found 3 plugins.
Preloading 0 native plugins for Editor in 0.00 ms.
Initialize engine version: 2021.3.6f1 (7da38d85baf6)
[Subsystems] Discovering subsystems at path E:/Programs/Unity Editor/2021.3.6f1/Editor/Data/Resources/UnitySubsystems
[Subsystems] Discovering subsystems at path D:/Documents & projects/Unity projects/Project_TopDown/TopDownArena/Assets
GfxDevice: creating device client; threaded=0; jobified=0
Direct3D:
    Version:  Direct3D 11.0 [level 11.1]
    Renderer: NVIDIA GeForce RTX 2060 (ID=0x1f11)
    Vendor:   NVIDIA
    VRAM:     5968 MB
    Driver:   31.0.15.2756
Initialize mono
Mono path[0] = 'E:/Programs/Unity Editor/2021.3.6f1/Editor/Data/Managed'
Mono path[1] = 'E:/Programs/Unity Editor/2021.3.6f1/Editor/Data/MonoBleedingEdge/lib/mono/unityjit-win32'
Mono config path = 'E:/Programs/Unity Editor/2021.3.6f1/Editor/Data/MonoBleedingEdge/etc'
Using monoOptions --debugger-agent=transport=dt_socket,embedding=1,server=y,suspend=n,address=127.0.0.1:56712
Begin MonoManager ReloadAssembly
Registering precompiled unity dll's ...
Register platform support module: E:/Programs/Unity Editor/2021.3.6f1/Editor/Data/PlaybackEngines/WebGLSupport/UnityEditor.WebGL.Extensions.dll
Register platform support module: E:/Programs/Unity Editor/2021.3.6f1/Editor/Data/PlaybackEngines/WindowsStandaloneSupport/UnityEditor.WindowsStandalone.Extensions.dll
Registered in 0.002933 seconds.
Native extension for WindowsStandalone target not found
Native extension for WebGL target not found
Refreshing native plugins compatible for Editor in 142.86 ms, found 3 plugins.
Preloading 0 native plugins for Editor in 0.00 ms.
Mono: successfully reloaded assembly
- Completed reload, in  0.706 seconds
Domain Reload Profiling:
	ReloadAssembly (707ms)
		BeginReloadAssembly (67ms)
			ExecutionOrderSort (0ms)
			DisableScriptedObjects (0ms)
			BackupInstance (0ms)
			ReleaseScriptingObjects (0ms)
			CreateAndSetChildDomain (1ms)
		EndReloadAssembly (529ms)
			LoadAssemblies (67ms)
			RebuildTransferFunctionScriptingTraits (0ms)
			SetupTypeCache (110ms)
			ReleaseScriptCaches (0ms)
			RebuildScriptCaches (28ms)
			SetupLoadedEditorAssemblies (340ms)
				LogAssemblyErrors (0ms)
				InitializePlatformSupportModulesInManaged (8ms)
				SetLoadedEditorAssemblies (0ms)
				RefreshPlugins (143ms)
				BeforeProcessingInitializeOnLoad (1ms)
				ProcessInitializeOnLoadAttributes (131ms)
				ProcessInitializeOnLoadMethodAttributes (57ms)
				AfterProcessingInitializeOnLoad (0ms)
				EditorAssembliesLoaded (0ms)
			ExecutionOrderSort2 (0ms)
			AwakeInstancesAfterBackupRestoration (0ms)
Platform modules already initialized, skipping
Registering precompiled user dll's ...
Registered in 0.007754 seconds.
Begin MonoManager ReloadAssembly
Symbol file LoadedFromMemory doesn't match image D:\Documents & projects\Unity projects\Project_TopDown\TopDownArena\Library\PackageCache\com.unity.visualscripting@1.7.8\Editor\VisualScripting.Core\Dependencies\YamlDotNet\Unity.VisualScripting.YamlDotNet.dll
Symbol file LoadedFromMemory doesn't match image D:\Documents & projects\Unity projects\Project_TopDown\TopDownArena\Library\PackageCache\com.unity.visualscripting@1.7.8\Editor\VisualScripting.Core\Dependencies\DotNetZip\Unity.VisualScripting.IonicZip.dll
Native extension for WindowsStandalone target not found
Native extension for WebGL target not found
Refreshing native plugins compatible for Editor in 155.71 ms, found 3 plugins.
Preloading 0 native plugins for Editor in 0.00 ms.
System.Exception: Error! Visual Scripting: couldn't find visual scripting package
  at Unity.VisualScripting.PackageVersionUtility.get_version () [0x00043] in D:\Documents & projects\Unity projects\Project_TopDown\TopDownArena\Library\PackageCache\com.unity.visualscripting@1.7.8\Editor\VisualScripting.Core\Utilities\PackageVersionUtility.cs:31 
  at Unity.VisualScripting.BoltCoreManifest.get_version () [0x00000] in D:\Documents & projects\Unity projects\Project_TopDown\TopDownArena\Library\PackageCache\com.unity.visualscripting@1.7.8\Editor\VisualScripting.Core\Plugin\BoltCoreManifest.cs:11 
  at Unity.VisualScripting.PluginManifest.get_currentVersion () [0x00000] in D:\Documents & projects\Unity projects\Project_TopDown\TopDownArena\Library\PackageCache\com.unity.visualscripting@1.7.8\Editor\VisualScripting.Core\Plugins\PluginManifest.cs:33 
  at Unity.VisualScripting.PluginManifest.get_versionMismatch () [0x00000] in D:\Documents & projects\Unity projects\Project_TopDown\TopDownArena\Library\PackageCache\com.unity.visualscripting@1.7.8\Editor\VisualScripting.Core\Plugins\PluginManifest.cs:48 
  at Unity.VisualScripting.PluginContainer.Initialize () [0x00525] in D:\Documents & projects\Unity projects\Project_TopDown\TopDownArena\Library\PackageCache\com.unity.visualscripting@1.7.8\Editor\VisualScripting.Core\Plugins\PluginContainer.cs:208 
  at Unity.VisualScripting.PluginContainer.InitializeOnLoad () [0x00009] in D:\Documents & projects\Unity projects\Project_TopDown\TopDownArena\Library\PackageCache\com.unity.visualscripting@1.7.8\Editor\VisualScripting.Core\Plugins\PluginContainer.cs:32 
  at Unity.VisualScripting.VSUsageUtility.DoInitializeOnLoadCalls () [0x00034] in D:\Documents & projects\Unity projects\Project_TopDown\TopDownArena\Library\PackageCache\com.unity.visualscripting@1.7.8\Editor\VisualScripting.Core\Utilities\VSUsageUtility.cs:76 
  at Unity.VisualScripting.VSUsageUtility.set_isVisualScriptingUsed (System.Boolean value) [0x0002c] in D:\Documents & projects\Unity projects\Project_TopDown\TopDownArena\Library\PackageCache\com.unity.visualscripting@1.7.8\Editor\VisualScripting.Core\Utilities\VSUsageUtility.cs:114 
  at Unity.VisualScripting.VSUsageUtility.CheckAndSetIsVisualScriptingUsed () [0x00032] in D:\Documents & projects\Unity projects\Project_TopDown\TopDownArena\Library\PackageCache\com.unity.visualscripting@1.7.8\Editor\VisualScripting.Core\Utilities\VSUsageUtility.cs:48 
  at Unity.VisualScripting.VSUsageUtility..cctor () [0x00000] in D:\Documents & projects\Unity projects\Project_TopDown\TopDownArena\Library\PackageCache\com.unity.visualscripting@1.7.8\Editor\VisualScripting.Core\Utilities\VSUsageUtility.cs:22 
UnityEngine.StackTraceUtility:ExtractStackTrace ()
UnityEngine.DebugLogHandler:LogFormat (UnityEngine.LogType,UnityEngine.Object,string,object[])
UnityEngine.Logger:Log (UnityEngine.LogType,object)
UnityEngine.Debug:LogError (object)
UnityEditor.EditorAssemblies:ProcessInitializeOnLoadAttributes (System.Type[])

Mono: successfully reloaded assembly
- Completed reload, in  2.227 seconds
Domain Reload Profiling:
	ReloadAssembly (2228ms)
		BeginReloadAssembly (121ms)
			ExecutionOrderSort (0ms)
			DisableScriptedObjects (9ms)
			BackupInstance (0ms)
			ReleaseScriptingObjects (0ms)
			CreateAndSetChildDomain (20ms)
		EndReloadAssembly (1988ms)
			LoadAssemblies (113ms)
			RebuildTransferFunctionScriptingTraits (0ms)
			SetupTypeCache (384ms)
			ReleaseScriptCaches (1ms)
			RebuildScriptCaches (101ms)
			SetupLoadedEditorAssemblies (1352ms)
				LogAssemblyErrors (0ms)
				InitializePlatformSupportModulesInManaged (4ms)
				SetLoadedEditorAssemblies (0ms)
				RefreshPlugins (156ms)
				BeforeProcessingInitializeOnLoad (181ms)
				ProcessInitializeOnLoadAttributes (921ms)
				ProcessInitializeOnLoadMethodAttributes (87ms)
				AfterProcessingInitializeOnLoad (3ms)
				EditorAssembliesLoaded (0ms)
			ExecutionOrderSort2 (0ms)
			AwakeInstancesAfterBackupRestoration (5ms)
Platform modules already initialized, skipping
========================================================================
Worker process is ready to serve import requests
Launched and connected shader compiler UnityShaderCompiler.exe after 0.15 seconds
Refreshing native plugins compatible for Editor in 1.06 ms, found 3 plugins.
Preloading 0 native plugins for Editor in 0.00 ms.
Unloading 6297 Unused Serialized files (Serialized files now loaded: 0)
Unloading 68 unused Assets / (2.7 MB). Loaded Objects now: 6784.
Memory consumption went from 332.6 MB to 330.0 MB.
Total: 19.286200 ms (FindLiveObjects: 0.578800 ms CreateObjectMapping: 0.812900 ms MarkObjects: 16.692400 ms  DeleteObjects: 1.200100 ms)

AssetImportParameters requested are different than current active one (requested -> active):
  custom:video-decoder-ogg-theora: a1e56fd34408186e4bbccfd4996cb3dc -> 
  custom:container-muxer-webm: aa71ff27fc2769a1b78a27578f13a17b -> 
  custom:container-demuxer-webm: 4f35f7cbe854078d1ac9338744f61a02 -> 
  custom:video-encoder-webm-vp8: eb34c28f22e8b96e1ab97ce403110664 -> 
  custom:audio-encoder-webm-vorbis: bf7c407c2cedff20999df2af8eb42d56 -> 
  custom:framework-win-MediaFoundation: 216162199b28c13a410421893ffa2e32 -> 
  custom:container-demuxer-ogg: 62fdf1f143b41e24485cea50d1cbac27 -> 
  custom:video-decoder-webm-vp8: 9c59270c3fd7afecdb556c50c9e8de78 -> 
  custom:audio-decoder-ogg-vorbis: bf7c407c2cedff20999df2af8eb42d56 -> 
========================================================================
Received Prepare
Registering precompiled user dll's ...
Registered in 0.008704 seconds.
Begin MonoManager ReloadAssembly
Symbol file LoadedFromMemory doesn't match image D:\Documents & projects\Unity projects\Project_TopDown\TopDownArena\Library\PackageCache\com.unity.visualscripting@1.7.8\Editor\VisualScripting.Core\Dependencies\YamlDotNet\Unity.VisualScripting.YamlDotNet.dll
Symbol file LoadedFromMemory doesn't match image D:\Documents & projects\Unity projects\Project_TopDown\TopDownArena\Library\PackageCache\com.unity.visualscripting@1.7.8\Editor\VisualScripting.Core\Dependencies\DotNetZip\Unity.VisualScripting.IonicZip.dll
Native extension for WindowsStandalone target not found
Native extension for WebGL target not found
Refreshing native plugins compatible for Editor in 1.46 ms, found 3 plugins.
Preloading 0 native plugins for Editor in 0.00 ms.
System.Exception: Error! Visual Scripting: couldn't find visual scripting package
  at Unity.VisualScripting.PackageVersionUtility.get_version () [0x00043] in D:\Documents & projects\Unity projects\Project_TopDown\TopDownArena\Library\PackageCache\com.unity.visualscripting@1.7.8\Editor\VisualScripting.Core\Utilities\PackageVersionUtility.cs:31 
  at Unity.VisualScripting.BoltCoreManifest.get_version () [0x00000] in D:\Documents & projects\Unity projects\Project_TopDown\TopDownArena\Library\PackageCache\com.unity.visualscripting@1.7.8\Editor\VisualScripting.Core\Plugin\BoltCoreManifest.cs:11 
  at Unity.VisualScripting.PluginManifest.get_currentVersion () [0x00000] in D:\Documents & projects\Unity projects\Project_TopDown\TopDownArena\Library\PackageCache\com.unity.visualscripting@1.7.8\Editor\VisualScripting.Core\Plugins\PluginManifest.cs:33 
  at Unity.VisualScripting.PluginManifest.get_versionMismatch () [0x00000] in D:\Documents & projects\Unity projects\Project_TopDown\TopDownArena\Library\PackageCache\com.unity.visualscripting@1.7.8\Editor\VisualScripting.Core\Plugins\PluginManifest.cs:48 
  at Unity.VisualScripting.PluginContainer.Initialize () [0x00525] in D:\Documents & projects\Unity projects\Project_TopDown\TopDownArena\Library\PackageCache\com.unity.visualscripting@1.7.8\Editor\VisualScripting.Core\Plugins\PluginContainer.cs:208 
  at Unity.VisualScripting.PluginContainer.InitializeOnLoad () [0x00009] in D:\Documents & projects\Unity projects\Project_TopDown\TopDownArena\Library\PackageCache\com.unity.visualscripting@1.7.8\Editor\VisualScripting.Core\Plugins\PluginContainer.cs:32 
  at Unity.VisualScripting.VSUsageUtility.DoInitializeOnLoadCalls () [0x00034] in D:\Documents & projects\Unity projects\Project_TopDown\TopDownArena\Library\PackageCache\com.unity.visualscripting@1.7.8\Editor\VisualScripting.Core\Utilities\VSUsageUtility.cs:76 
  at Unity.VisualScripting.VSUsageUtility.set_isVisualScriptingUsed (System.Boolean value) [0x0002c] in D:\Documents & projects\Unity projects\Project_TopDown\TopDownArena\Library\PackageCache\com.unity.visualscripting@1.7.8\Editor\VisualScripting.Core\Utilities\VSUsageUtility.cs:114 
  at Unity.VisualScripting.VSUsageUtility.CheckAndSetIsVisualScriptingUsed () [0x0000d] in D:\Documents & projects\Unity projects\Project_TopDown\TopDownArena\Library\PackageCache\com.unity.visualscripting@1.7.8\Editor\VisualScripting.Core\Utilities\VSUsageUtility.cs:33 
  at Unity.VisualScripting.VSUsageUtility..cctor () [0x00000] in D:\Documents & projects\Unity projects\Project_TopDown\TopDownArena\Library\PackageCache\com.unity.visualscripting@1.7.8\Editor\VisualScripting.Core\Utilities\VSUsageUtility.cs:22 
UnityEngine.StackTraceUtility:ExtractStackTrace ()
UnityEngine.DebugLogHandler:LogFormat (UnityEngine.LogType,UnityEngine.Object,string,object[])
UnityEngine.Logger:Log (UnityEngine.LogType,object)
UnityEngine.Debug:LogError (object)
UnityEditor.EditorAssemblies:ProcessInitializeOnLoadAttributes (System.Type[])

Mono: successfully reloaded assembly
- Completed reload, in  2.205 seconds
Domain Reload Profiling:
	ReloadAssembly (2205ms)
		BeginReloadAssembly (188ms)
			ExecutionOrderSort (0ms)
			DisableScriptedObjects (6ms)
			BackupInstance (0ms)
			ReleaseScriptingObjects (0ms)
			CreateAndSetChildDomain (62ms)
		EndReloadAssembly (1884ms)
			LoadAssemblies (126ms)
			RebuildTransferFunctionScriptingTraits (0ms)
			SetupTypeCache (428ms)
			ReleaseScriptCaches (2ms)
			RebuildScriptCaches (94ms)
			SetupLoadedEditorAssemblies (872ms)
				LogAssemblyErrors (0ms)
				InitializePlatformSupportModulesInManaged (15ms)
				SetLoadedEditorAssemblies (1ms)
				RefreshPlugins (2ms)
				BeforeProcessingInitializeOnLoad (139ms)
				ProcessInitializeOnLoadAttributes (642ms)
				ProcessInitializeOnLoadMethodAttributes (71ms)
				AfterProcessingInitializeOnLoad (3ms)
				EditorAssembliesLoaded (0ms)
			ExecutionOrderSort2 (0ms)
			AwakeInstancesAfterBackupRestoration (6ms)
Platform modules already initialized, skipping
Refreshing native plugins compatible for Editor in 2.38 ms, found 3 plugins.
Preloading 0 native plugins for Editor in 0.00 ms.
Unloading 6196 Unused Serialized files (Serialized files now loaded: 0)
Unloading 46 unused Assets / (2.7 MB). Loaded Objects now: 6801.
Memory consumption went from 323.8 MB to 321.2 MB.
Total: 12.768400 ms (FindLiveObjects: 0.518500 ms CreateObjectMapping: 0.600700 ms MarkObjects: 11.069100 ms  DeleteObjects: 0.579200 ms)

AssetImportParameters requested are different than current active one (requested -> active):
  custom:video-decoder-ogg-theora: a1e56fd34408186e4bbccfd4996cb3dc -> 
  custom:container-muxer-webm: aa71ff27fc2769a1b78a27578f13a17b -> 
  custom:container-demuxer-webm: 4f35f7cbe854078d1ac9338744f61a02 -> 
  custom:video-encoder-webm-vp8: eb34c28f22e8b96e1ab97ce403110664 -> 
  custom:audio-encoder-webm-vorbis: bf7c407c2cedff20999df2af8eb42d56 -> 
  custom:framework-win-MediaFoundation: 216162199b28c13a410421893ffa2e32 -> 
  custom:container-demuxer-ogg: 62fdf1f143b41e24485cea50d1cbac27 -> 
  custom:video-decoder-webm-vp8: 9c59270c3fd7afecdb556c50c9e8de78 -> 
  custom:audio-decoder-ogg-vorbis: bf7c407c2cedff20999df2af8eb42d56 -> 
========================================================================
Received Import Request.
  Time since last request: 114130.904394 seconds.
  path: Assets/Grass/Materials/grass_PNG4933.mat
  artifactKey: Guid(6b543f4b1737ef046b2368551c46956f) Importer(815301076,1909f56bfc062723c751e8b465ee728b)
Start importing Assets/Grass/Materials/grass_PNG4933.mat using Guid(6b543f4b1737ef046b2368551c46956f) Importer(815301076,1909f56bfc062723c751e8b465ee728b)  -> (artifact id: '3d99b790933a16e797ed80f6a6fb1ac0') in 0.250269 seconds 
========================================================================
Received Import Request.
  Time since last request: 2.100458 seconds.
  path: Assets/TextMesh Pro/Resources/Fonts & Materials/LiberationSans SDF - Drop Shadow.mat
  artifactKey: Guid(e73a58f6e2794ae7b1b7e50b7fb811b0) Importer(815301076,1909f56bfc062723c751e8b465ee728b)
Start importing Assets/TextMesh Pro/Resources/Fonts & Materials/LiberationSans SDF - Drop Shadow.mat using Guid(e73a58f6e2794ae7b1b7e50b7fb811b0) Importer(815301076,1909f56bfc062723c751e8b465ee728b)  -> (artifact id: 'ed669ac80d91d4ac4c7ddeb042b59e62') in 0.053509 seconds 
========================================================================
Received Import Request.
  Time since last request: 5.714723 seconds.
  path: Assets/Props and Items
  artifactKey: Guid(b0629fe97de446c46899b489ba7ebb39) Importer(815301076,1909f56bfc062723c751e8b465ee728b)
Start importing Assets/Props and Items using Guid(b0629fe97de446c46899b489ba7ebb39) Importer(815301076,1909f56bfc062723c751e8b465ee728b)  -> (artifact id: 'e8c664bfe75284eeee9d93f7a747215a') in 0.008620 seconds 
========================================================================
Received Import Request.
  Time since last request: 26.196012 seconds.
  path: Assets/Props and Items/MTR_TEST_BottleMtr.mat
  artifactKey: Guid(830e84a23ff34634b97f35375362244f) Importer(815301076,1909f56bfc062723c751e8b465ee728b)
Start importing Assets/Props and Items/MTR_TEST_BottleMtr.mat using Guid(830e84a23ff34634b97f35375362244f) Importer(815301076,1909f56bfc062723c751e8b465ee728b)  -> (artifact id: '9f79af7286943e9f255cc7dbdc579a4e') in 0.020769 seconds 
========================================================================
Received Import Request.
  Time since last request: 45.702526 seconds.
  path: Assets/Props and Items/TestBottle_1.fbx
  artifactKey: Guid(390666138099dec438ae854f0e7184d5) Importer(815301076,1909f56bfc062723c751e8b465ee728b)
Start importing Assets/Props and Items/TestBottle_1.fbx using Guid(390666138099dec438ae854f0e7184d5) Importer(815301076,1909f56bfc062723c751e8b465ee728b)  -> (artifact id: '73308b3f77fc4aceee5cd5e7d0091f42') in 0.313021 seconds 
========================================================================
Received Import Request.
  Time since last request: 7.678159 seconds.
  path: Assets/Props and Items/TestBottle_1.fbx
  artifactKey: Guid(390666138099dec438ae854f0e7184d5) Importer(815301076,1909f56bfc062723c751e8b465ee728b)
Start importing Assets/Props and Items/TestBottle_1.fbx using Guid(390666138099dec438ae854f0e7184d5) Importer(815301076,1909f56bfc062723c751e8b465ee728b)  -> (artifact id: 'c6bad0792f6ed50a8edc62fb314778dd') in 0.021132 seconds 
========================================================================
Received Import Request.
  Time since last request: 5.602617 seconds.
  path: Assets/Props and Items/TestBottle_2.fbx
  artifactKey: Guid(d252f99736786584ebbee3275aee108b) Importer(815301076,1909f56bfc062723c751e8b465ee728b)
Start importing Assets/Props and Items/TestBottle_2.fbx using Guid(d252f99736786584ebbee3275aee108b) Importer(815301076,1909f56bfc062723c751e8b465ee728b)  -> (artifact id: 'a30f68e89f143b1bca3d6b55c4624824') in 0.027023 seconds 
========================================================================
Received Import Request.
  Time since last request: 3.415264 seconds.
  path: Assets/Props and Items/TestBottle_2.fbx
  artifactKey: Guid(d252f99736786584ebbee3275aee108b) Importer(815301076,1909f56bfc062723c751e8b465ee728b)
Start importing Assets/Props and Items/TestBottle_2.fbx using Guid(d252f99736786584ebbee3275aee108b) Importer(815301076,1909f56bfc062723c751e8b465ee728b)  -> (artifact id: '2fd9874f8706a375af4c7d4f4c5c33db') in 0.118942 seconds 
========================================================================
Received Import Request.
  Time since last request: 9.317407 seconds.
  path: Assets/Props and Items/TestBottle_3.fbx
  artifactKey: Guid(a4ef11f8abbbf5e48b5120f6836613f5) Importer(815301076,1909f56bfc062723c751e8b465ee728b)
Start importing Assets/Props and Items/TestBottle_3.fbx using Guid(a4ef11f8abbbf5e48b5120f6836613f5) Importer(815301076,1909f56bfc062723c751e8b465ee728b)  -> (artifact id: '3a3347ea05173330051d36655a5e00c1') in 0.424196 seconds 
========================================================================
Received Import Request.
  Time since last request: 3.128079 seconds.
  path: Assets/Props and Items/TestBottle_3.fbx
  artifactKey: Guid(a4ef11f8abbbf5e48b5120f6836613f5) Importer(815301076,1909f56bfc062723c751e8b465ee728b)
Start importing Assets/Props and Items/TestBottle_3.fbx using Guid(a4ef11f8abbbf5e48b5120f6836613f5) Importer(815301076,1909f56bfc062723c751e8b465ee728b)  -> (artifact id: 'e6ccbc002fdd913180055148523124e7') in 0.082049 seconds 
========================================================================
Received Import Request.
  Time since last request: 4.847557 seconds.
  path: Assets/Props and Items/TestBottle_4.fbx
  artifactKey: Guid(c620f42da96608443ae8a37c9486f560) Importer(815301076,1909f56bfc062723c751e8b465ee728b)
Start importing Assets/Props and Items/TestBottle_4.fbx using Guid(c620f42da96608443ae8a37c9486f560) Importer(815301076,1909f56bfc062723c751e8b465ee728b)  -> (artifact id: '9b79b3ffe993452145f59c923e4348d6') in 0.028070 seconds 
========================================================================
Received Import Request.
  Time since last request: 4.408272 seconds.
  path: Assets/Props and Items/TestBottle_4.fbx
  artifactKey: Guid(c620f42da96608443ae8a37c9486f560) Importer(815301076,1909f56bfc062723c751e8b465ee728b)
Start importing Assets/Props and Items/TestBottle_4.fbx using Guid(c620f42da96608443ae8a37c9486f560) Importer(815301076,1909f56bfc062723c751e8b465ee728b)  -> (artifact id: 'cf6f0fddd58f9bc376afafd3c7d47250') in 0.394949 seconds 
========================================================================
Received Import Request.
  Time since last request: 4.765035 seconds.
  path: Assets/Props and Items/TestBottle_5.fbx
  artifactKey: Guid(7c1f7f1bac05d8b4387ed1f69a9ee518) Importer(815301076,1909f56bfc062723c751e8b465ee728b)
Start importing Assets/Props and Items/TestBottle_5.fbx using Guid(7c1f7f1bac05d8b4387ed1f69a9ee518) Importer(815301076,1909f56bfc062723c751e8b465ee728b)  -> (artifact id: '90aca459a6fb08afb13c33dd8ebeea95') in 0.025665 seconds 
========================================================================
Received Import Request.
  Time since last request: 3.645795 seconds.
  path: Assets/Props and Items/TestBottle_5.fbx
  artifactKey: Guid(7c1f7f1bac05d8b4387ed1f69a9ee518) Importer(815301076,1909f56bfc062723c751e8b465ee728b)
Start importing Assets/Props and Items/TestBottle_5.fbx using Guid(7c1f7f1bac05d8b4387ed1f69a9ee518) Importer(815301076,1909f56bfc062723c751e8b465ee728b)  -> (artifact id: '63e1940d8d1540c3aa03a6321dc46499') in 0.016692 seconds 
========================================================================
Received Import Request.
  Time since last request: 18.666691 seconds.
  path: Assets/Props and Items/MTR_TEST_Cup1.mat
  artifactKey: Guid(0c4a2f8a543b3c144962ae89b18e2bbc) Importer(815301076,1909f56bfc062723c751e8b465ee728b)
Start importing Assets/Props and Items/MTR_TEST_Cup1.mat using Guid(0c4a2f8a543b3c144962ae89b18e2bbc) Importer(815301076,1909f56bfc062723c751e8b465ee728b)  -> (artifact id: 'c58239e9714c76526bb4e588532633d3') in 0.017794 seconds 
========================================================================
Received Import Request.
  Time since last request: 4.510028 seconds.
  path: Assets/Props and Items/TestCup_1.fbx
  artifactKey: Guid(544adf2e355e85f4e91b15e4db45bc9d) Importer(815301076,1909f56bfc062723c751e8b465ee728b)
Start importing Assets/Props and Items/TestCup_1.fbx using Guid(544adf2e355e85f4e91b15e4db45bc9d) Importer(815301076,1909f56bfc062723c751e8b465ee728b)  -> (artifact id: '64cff8987dd0eaae05e6d95922027215') in 0.026821 seconds 
========================================================================
Received Import Request.
  Time since last request: 2.810907 seconds.
  path: Assets/Props and Items/TestCup_1.fbx
  artifactKey: Guid(544adf2e355e85f4e91b15e4db45bc9d) Importer(815301076,1909f56bfc062723c751e8b465ee728b)
Start importing Assets/Props and Items/TestCup_1.fbx using Guid(544adf2e355e85f4e91b15e4db45bc9d) Importer(815301076,1909f56bfc062723c751e8b465ee728b)  -> (artifact id: '24c3c6244b491f2d0c10f367b1a236cb') in 0.021053 seconds 
========================================================================
Received Prepare
Registering precompiled user dll's ...
Registered in 0.008480 seconds.
Begin MonoManager ReloadAssembly
Symbol file LoadedFromMemory doesn't match image D:\Documents & projects\Unity projects\Project_TopDown\TopDownArena\Library\PackageCache\com.unity.visualscripting@1.7.8\Editor\VisualScripting.Core\Dependencies\YamlDotNet\Unity.VisualScripting.YamlDotNet.dll
Symbol file LoadedFromMemory doesn't match image D:\Documents & projects\Unity projects\Project_TopDown\TopDownArena\Library\PackageCache\com.unity.visualscripting@1.7.8\Editor\VisualScripting.Core\Dependencies\DotNetZip\Unity.VisualScripting.IonicZip.dll
Native extension for WindowsStandalone target not found
Native extension for WebGL target not found
Refreshing native plugins compatible for Editor in 1.13 ms, found 3 plugins.
Preloading 0 native plugins for Editor in 0.00 ms.
System.Exception: Error! Visual Scripting: couldn't find visual scripting package
  at Unity.VisualScripting.PackageVersionUtility.get_version () [0x00043] in D:\Documents & projects\Unity projects\Project_TopDown\TopDownArena\Library\PackageCache\com.unity.visualscripting@1.7.8\Editor\VisualScripting.Core\Utilities\PackageVersionUtility.cs:31 
  at Unity.VisualScripting.BoltCoreManifest.get_version () [0x00000] in D:\Documents & projects\Unity projects\Project_TopDown\TopDownArena\Library\PackageCache\com.unity.visualscripting@1.7.8\Editor\VisualScripting.Core\Plugin\BoltCoreManifest.cs:11 
  at Unity.VisualScripting.PluginManifest.get_currentVersion () [0x00000] in D:\Documents & projects\Unity projects\Project_TopDown\TopDownArena\Library\PackageCache\com.unity.visualscripting@1.7.8\Editor\VisualScripting.Core\Plugins\PluginManifest.cs:33 
  at Unity.VisualScripting.PluginManifest.get_versionMismatch () [0x00000] in D:\Documents & projects\Unity projects\Project_TopDown\TopDownArena\Library\PackageCache\com.unity.visualscripting@1.7.8\Editor\VisualScripting.Core\Plugins\PluginManifest.cs:48 
  at Unity.VisualScripting.PluginContainer.Initialize () [0x00525] in D:\Documents & projects\Unity projects\Project_TopDown\TopDownArena\Library\PackageCache\com.unity.visualscripting@1.7.8\Editor\VisualScripting.Core\Plugins\PluginContainer.cs:208 
  at Unity.VisualScripting.PluginContainer.InitializeOnLoad () [0x00009] in D:\Documents & projects\Unity projects\Project_TopDown\TopDownArena\Library\PackageCache\com.unity.visualscripting@1.7.8\Editor\VisualScripting.Core\Plugins\PluginContainer.cs:32 
  at Unity.VisualScripting.VSUsageUtility.DoInitializeOnLoadCalls () [0x00034] in D:\Documents & projects\Unity projects\Project_TopDown\TopDownArena\Library\PackageCache\com.unity.visualscripting@1.7.8\Editor\VisualScripting.Core\Utilities\VSUsageUtility.cs:76 
  at Unity.VisualScripting.VSUsageUtility.set_isVisualScriptingUsed (System.Boolean value) [0x0002c] in D:\Documents & projects\Unity projects\Project_TopDown\TopDownArena\Library\PackageCache\com.unity.visualscripting@1.7.8\Editor\VisualScripting.Core\Utilities\VSUsageUtility.cs:114 
  at Unity.VisualScripting.VSUsageUtility.CheckAndSetIsVisualScriptingUsed () [0x0000d] in D:\Documents & projects\Unity projects\Project_TopDown\TopDownArena\Library\PackageCache\com.unity.visualscripting@1.7.8\Editor\VisualScripting.Core\Utilities\VSUsageUtility.cs:33 
  at Unity.VisualScripting.VSUsageUtility..cctor () [0x00000] in D:\Documents & projects\Unity projects\Project_TopDown\TopDownArena\Library\PackageCache\com.unity.visualscripting@1.7.8\Editor\VisualScripting.Core\Utilities\VSUsageUtility.cs:22 
UnityEngine.StackTraceUtility:ExtractStackTrace ()
UnityEngine.DebugLogHandler:LogFormat (UnityEngine.LogType,UnityEngine.Object,string,object[])
UnityEngine.Logger:Log (UnityEngine.LogType,object)
UnityEngine.Debug:LogError (object)
UnityEditor.EditorAssemblies:ProcessInitializeOnLoadAttributes (System.Type[])

Error loading file Library/StateCache/LayerSettings/9e/9ecc5c3c162a7aba29bafa64c8b94b7c.json. Error: System.IO.IOException: Sharing violation on path D:\Documents & projects\Unity projects\Project_TopDown\TopDownArena\Library\StateCache\LayerSettings\9e\9ecc5c3c162a7aba29bafa64c8b94b7c.json
  at System.IO.FileStream..ctor (System.String path, System.IO.FileMode mode, System.IO.FileAccess access, System.IO.FileShare share, System.Int32 bufferSize, System.Boolean anonymous, System.IO.FileOptions options) [0x0019e] in <e40e5a8f982c4b618a930d29f9bd091c>:0 
  at System.IO.FileStream..ctor (System.String path, System.IO.FileMode mode, System.IO.FileAccess access, System.IO.FileShare share, System.Int32 bufferSize, System.IO.FileOptions options) [0x00000] in <e40e5a8f982c4b618a930d29f9bd091c>:0 
  at (wrapper remoting-invoke-with-check) System.IO.FileStream..ctor(string,System.IO.FileMode,System.IO.FileAccess,System.IO.FileShare,int,System.IO.FileOptions)
  at System.IO.StreamReader..ctor (System.String path, System.Text.Encoding encoding, System.Boolean detectEncodingFromByteOrderMarks, System.Int32 bufferSize) [0x00055] in <e40e5a8f982c4b618a930d29f9bd091c>:0 
  at System.IO.StreamReader..ctor (System.String path, System.Text.Encoding encoding, System.Boolean detectEncodingFromByteOrderMarks) [0x00000] in <e40e5a8f982c4b618a930d29f9bd091c>:0 
  at (wrapper remoting-invoke-with-check) System.IO.StreamReader..ctor(string,System.Text.Encoding,bool)
  at System.IO.File.InternalReadAllText (System.String path, System.Text.Encoding encoding) [0x00000] in <e40e5a8f982c4b618a930d29f9bd091c>:0 
  at System.IO.File.ReadAllText (System.String path, System.Text.Encoding encoding) [0x00034] in <e40e5a8f982c4b618a930d29f9bd091c>:0 
  at UnityEditor.StateCache`1[T].GetState (UnityEngine.Hash128 key, T defaultValue) [0x00041] in <44a70d1b13cf47e29810e30f45ffae08>:0 
UnityEngine.StackTraceUtility:ExtractStackTrace ()
UnityEngine.DebugLogHandler:LogFormat (UnityEngine.LogType,UnityEngine.Object,string,object[])
UnityEngine.Logger:Log (UnityEngine.LogType,object)
UnityEngine.Debug:LogError (object)
UnityEditor.StateCache`1<UnityEditor.Tools/LayerSettings>:GetState (UnityEngine.Hash128,UnityEditor.Tools/LayerSettings)
UnityEditor.Tools:OnEnable ()
UnityEngine.ScriptableObject:CreateInstance (System.Type)
UnityEngine.ScriptableObject:CreateInstance<UnityEditor.Tools> ()
UnityEditor.Tools:get_get ()
UnityEditor.Tools:get_visibleLayers ()
UnityEditor.Animations.Rigging.BoneRendererUtils:.cctor () (at Library/PackageCache/com.unity.animation.rigging@1.1.1/Editor/Utils/BoneRendererUtils.cs:121)
System.Runtime.CompilerServices.RuntimeHelpers:RunClassConstructor (System.RuntimeTypeHandle)
UnityEditor.EditorAssemblies:ProcessInitializeOnLoadAttributes (System.Type[])

(Filename: Library/PackageCache/com.unity.animation.rigging@1.1.1/Editor/Utils/BoneRendererUtils.cs Line: 121)

Mono: successfully reloaded assembly
- Completed reload, in  2.028 seconds
Domain Reload Profiling:
	ReloadAssembly (2029ms)
		BeginReloadAssembly (166ms)
			ExecutionOrderSort (0ms)
			DisableScriptedObjects (6ms)
			BackupInstance (0ms)
			ReleaseScriptingObjects (0ms)
			CreateAndSetChildDomain (55ms)
		EndReloadAssembly (1765ms)
			LoadAssemblies (106ms)
			RebuildTransferFunctionScriptingTraits (0ms)
			SetupTypeCache (432ms)
			ReleaseScriptCaches (3ms)
			RebuildScriptCaches (85ms)
			SetupLoadedEditorAssemblies (799ms)
				LogAssemblyErrors (0ms)
				InitializePlatformSupportModulesInManaged (13ms)
				SetLoadedEditorAssemblies (1ms)
				RefreshPlugins (1ms)
				BeforeProcessingInitializeOnLoad (123ms)
				ProcessInitializeOnLoadAttributes (580ms)
				ProcessInitializeOnLoadMethodAttributes (77ms)
				AfterProcessingInitializeOnLoad (3ms)
				EditorAssembliesLoaded (0ms)
			ExecutionOrderSort2 (0ms)
			AwakeInstancesAfterBackupRestoration (7ms)
Platform modules already initialized, skipping
Refreshing native plugins compatible for Editor in 2.55 ms, found 3 plugins.
Preloading 0 native plugins for Editor in 0.00 ms.
Unloading 6196 Unused Serialized files (Serialized files now loaded: 0)
Unloading 46 unused Assets / (2.7 MB). Loaded Objects now: 6860.
Memory consumption went from 328.3 MB to 325.7 MB.
Total: 14.797400 ms (FindLiveObjects: 0.478000 ms CreateObjectMapping: 0.407700 ms MarkObjects: 13.325800 ms  DeleteObjects: 0.584800 ms)

AssetImportParameters requested are different than current active one (requested -> active):
  custom:video-decoder-ogg-theora: a1e56fd34408186e4bbccfd4996cb3dc -> 
  custom:container-muxer-webm: aa71ff27fc2769a1b78a27578f13a17b -> 
  custom:container-demuxer-webm: 4f35f7cbe854078d1ac9338744f61a02 -> 
  custom:video-encoder-webm-vp8: eb34c28f22e8b96e1ab97ce403110664 -> 
  custom:audio-encoder-webm-vorbis: bf7c407c2cedff20999df2af8eb42d56 -> 
  custom:framework-win-MediaFoundation: 216162199b28c13a410421893ffa2e32 -> 
  custom:container-demuxer-ogg: 62fdf1f143b41e24485cea50d1cbac27 -> 
  custom:video-decoder-webm-vp8: 9c59270c3fd7afecdb556c50c9e8de78 -> 
  custom:audio-decoder-ogg-vorbis: bf7c407c2cedff20999df2af8eb42d56 -> 
========================================================================
Received Prepare
Registering precompiled user dll's ...
Registered in 0.007718 seconds.
Begin MonoManager ReloadAssembly
Symbol file LoadedFromMemory doesn't match image D:\Documents & projects\Unity projects\Project_TopDown\TopDownArena\Library\PackageCache\com.unity.visualscripting@1.7.8\Editor\VisualScripting.Core\Dependencies\YamlDotNet\Unity.VisualScripting.YamlDotNet.dll
Symbol file LoadedFromMemory doesn't match image D:\Documents & projects\Unity projects\Project_TopDown\TopDownArena\Library\PackageCache\com.unity.visualscripting@1.7.8\Editor\VisualScripting.Core\Dependencies\DotNetZip\Unity.VisualScripting.IonicZip.dll
Native extension for WindowsStandalone target not found
Native extension for WebGL target not found
Refreshing native plugins compatible for Editor in 1.14 ms, found 3 plugins.
Preloading 0 native plugins for Editor in 0.00 ms.
System.Exception: Error! Visual Scripting: couldn't find visual scripting package
  at Unity.VisualScripting.PackageVersionUtility.get_version () [0x00043] in D:\Documents & projects\Unity projects\Project_TopDown\TopDownArena\Library\PackageCache\com.unity.visualscripting@1.7.8\Editor\VisualScripting.Core\Utilities\PackageVersionUtility.cs:31 
  at Unity.VisualScripting.BoltCoreManifest.get_version () [0x00000] in D:\Documents & projects\Unity projects\Project_TopDown\TopDownArena\Library\PackageCache\com.unity.visualscripting@1.7.8\Editor\VisualScripting.Core\Plugin\BoltCoreManifest.cs:11 
  at Unity.VisualScripting.PluginManifest.get_currentVersion () [0x00000] in D:\Documents & projects\Unity projects\Project_TopDown\TopDownArena\Library\PackageCache\com.unity.visualscripting@1.7.8\Editor\VisualScripting.Core\Plugins\PluginManifest.cs:33 
  at Unity.VisualScripting.PluginManifest.get_versionMismatch () [0x00000] in D:\Documents & projects\Unity projects\Project_TopDown\TopDownArena\Library\PackageCache\com.unity.visualscripting@1.7.8\Editor\VisualScripting.Core\Plugins\PluginManifest.cs:48 
  at Unity.VisualScripting.PluginContainer.Initialize () [0x00525] in D:\Documents & projects\Unity projects\Project_TopDown\TopDownArena\Library\PackageCache\com.unity.visualscripting@1.7.8\Editor\VisualScripting.Core\Plugins\PluginContainer.cs:208 
  at Unity.VisualScripting.PluginContainer.InitializeOnLoad () [0x00009] in D:\Documents & projects\Unity projects\Project_TopDown\TopDownArena\Library\PackageCache\com.unity.visualscripting@1.7.8\Editor\VisualScripting.Core\Plugins\PluginContainer.cs:32 
  at Unity.VisualScripting.VSUsageUtility.DoInitializeOnLoadCalls () [0x00034] in D:\Documents & projects\Unity projects\Project_TopDown\TopDownArena\Library\PackageCache\com.unity.visualscripting@1.7.8\Editor\VisualScripting.Core\Utilities\VSUsageUtility.cs:76 
  at Unity.VisualScripting.VSUsageUtility.set_isVisualScriptingUsed (System.Boolean value) [0x0002c] in D:\Documents & projects\Unity projects\Project_TopDown\TopDownArena\Library\PackageCache\com.unity.visualscripting@1.7.8\Editor\VisualScripting.Core\Utilities\VSUsageUtility.cs:114 
  at Unity.VisualScripting.VSUsageUtility.CheckAndSetIsVisualScriptingUsed () [0x0000d] in D:\Documents & projects\Unity projects\Project_TopDown\TopDownArena\Library\PackageCache\com.unity.visualscripting@1.7.8\Editor\VisualScripting.Core\Utilities\VSUsageUtility.cs:33 
  at Unity.VisualScripting.VSUsageUtility..cctor () [0x00000] in D:\Documents & projects\Unity projects\Project_TopDown\TopDownArena\Library\PackageCache\com.unity.visualscripting@1.7.8\Editor\VisualScripting.Core\Utilities\VSUsageUtility.cs:22 
UnityEngine.StackTraceUtility:ExtractStackTrace ()
UnityEngine.DebugLogHandler:LogFormat (UnityEngine.LogType,UnityEngine.Object,string,object[])
UnityEngine.Logger:Log (UnityEngine.LogType,object)
UnityEngine.Debug:LogError (object)
UnityEditor.EditorAssemblies:ProcessInitializeOnLoadAttributes (System.Type[])

Mono: successfully reloaded assembly
- Completed reload, in  2.019 seconds
Domain Reload Profiling:
	ReloadAssembly (2020ms)
		BeginReloadAssembly (158ms)
			ExecutionOrderSort (0ms)
			DisableScriptedObjects (9ms)
			BackupInstance (0ms)
			ReleaseScriptingObjects (0ms)
			CreateAndSetChildDomain (49ms)
		EndReloadAssembly (1752ms)
			LoadAssemblies (99ms)
			RebuildTransferFunctionScriptingTraits (0ms)
			SetupTypeCache (358ms)
			ReleaseScriptCaches (3ms)
			RebuildScriptCaches (94ms)
			SetupLoadedEditorAssemblies (866ms)
				LogAssemblyErrors (0ms)
				InitializePlatformSupportModulesInManaged (12ms)
				SetLoadedEditorAssemblies (0ms)
				RefreshPlugins (1ms)
				BeforeProcessingInitializeOnLoad (144ms)
				ProcessInitializeOnLoadAttributes (605ms)
				ProcessInitializeOnLoadMethodAttributes (99ms)
				AfterProcessingInitializeOnLoad (3ms)
				EditorAssembliesLoaded (0ms)
			ExecutionOrderSort2 (0ms)
			AwakeInstancesAfterBackupRestoration (9ms)
Platform modules already initialized, skipping
Refreshing native plugins compatible for Editor in 3.58 ms, found 3 plugins.
Preloading 0 native plugins for Editor in 0.00 ms.
Unloading 6196 Unused Serialized files (Serialized files now loaded: 0)
Unloading 46 unused Assets / (2.7 MB). Loaded Objects now: 6877.
Memory consumption went from 328.4 MB to 325.7 MB.
Total: 14.779600 ms (FindLiveObjects: 0.641500 ms CreateObjectMapping: 0.485800 ms MarkObjects: 12.957200 ms  DeleteObjects: 0.693900 ms)

AssetImportParameters requested are different than current active one (requested -> active):
  custom:video-decoder-ogg-theora: a1e56fd34408186e4bbccfd4996cb3dc -> 
  custom:container-muxer-webm: aa71ff27fc2769a1b78a27578f13a17b -> 
  custom:container-demuxer-webm: 4f35f7cbe854078d1ac9338744f61a02 -> 
  custom:video-encoder-webm-vp8: eb34c28f22e8b96e1ab97ce403110664 -> 
  custom:audio-encoder-webm-vorbis: bf7c407c2cedff20999df2af8eb42d56 -> 
  custom:framework-win-MediaFoundation: 216162199b28c13a410421893ffa2e32 -> 
  custom:container-demuxer-ogg: 62fdf1f143b41e24485cea50d1cbac27 -> 
  custom:video-decoder-webm-vp8: 9c59270c3fd7afecdb556c50c9e8de78 -> 
  custom:audio-decoder-ogg-vorbis: bf7c407c2cedff20999df2af8eb42d56 -> 
========================================================================
Received Prepare
Registering precompiled user dll's ...
Registered in 0.008603 seconds.
Begin MonoManager ReloadAssembly
Symbol file LoadedFromMemory doesn't match image D:\Documents & projects\Unity projects\Project_TopDown\TopDownArena\Library\PackageCache\com.unity.visualscripting@1.7.8\Editor\VisualScripting.Core\Dependencies\YamlDotNet\Unity.VisualScripting.YamlDotNet.dll
Symbol file LoadedFromMemory doesn't match image D:\Documents & projects\Unity projects\Project_TopDown\TopDownArena\Library\PackageCache\com.unity.visualscripting@1.7.8\Editor\VisualScripting.Core\Dependencies\DotNetZip\Unity.VisualScripting.IonicZip.dll
Native extension for WindowsStandalone target not found
Native extension for WebGL target not found
Refreshing native plugins compatible for Editor in 1.11 ms, found 3 plugins.
Preloading 0 native plugins for Editor in 0.00 ms.
System.Exception: Error! Visual Scripting: couldn't find visual scripting package
  at Unity.VisualScripting.PackageVersionUtility.get_version () [0x00043] in D:\Documents & projects\Unity projects\Project_TopDown\TopDownArena\Library\PackageCache\com.unity.visualscripting@1.7.8\Editor\VisualScripting.Core\Utilities\PackageVersionUtility.cs:31 
  at Unity.VisualScripting.BoltCoreManifest.get_version () [0x00000] in D:\Documents & projects\Unity projects\Project_TopDown\TopDownArena\Library\PackageCache\com.unity.visualscripting@1.7.8\Editor\VisualScripting.Core\Plugin\BoltCoreManifest.cs:11 
  at Unity.VisualScripting.PluginManifest.get_currentVersion () [0x00000] in D:\Documents & projects\Unity projects\Project_TopDown\TopDownArena\Library\PackageCache\com.unity.visualscripting@1.7.8\Editor\VisualScripting.Core\Plugins\PluginManifest.cs:33 
  at Unity.VisualScripting.PluginManifest.get_versionMismatch () [0x00000] in D:\Documents & projects\Unity projects\Project_TopDown\TopDownArena\Library\PackageCache\com.unity.visualscripting@1.7.8\Editor\VisualScripting.Core\Plugins\PluginManifest.cs:48 
  at Unity.VisualScripting.PluginContainer.Initialize () [0x00525] in D:\Documents & projects\Unity projects\Project_TopDown\TopDownArena\Library\PackageCache\com.unity.visualscripting@1.7.8\Editor\VisualScripting.Core\Plugins\PluginContainer.cs:208 
  at Unity.VisualScripting.PluginContainer.InitializeOnLoad () [0x00009] in D:\Documents & projects\Unity projects\Project_TopDown\TopDownArena\Library\PackageCache\com.unity.visualscripting@1.7.8\Editor\VisualScripting.Core\Plugins\PluginContainer.cs:32 
  at Unity.VisualScripting.VSUsageUtility.DoInitializeOnLoadCalls () [0x00034] in D:\Documents & projects\Unity projects\Project_TopDown\TopDownArena\Library\PackageCache\com.unity.visualscripting@1.7.8\Editor\VisualScripting.Core\Utilities\VSUsageUtility.cs:76 
  at Unity.VisualScripting.VSUsageUtility.set_isVisualScriptingUsed (System.Boolean value) [0x0002c] in D:\Documents & projects\Unity projects\Project_TopDown\TopDownArena\Library\PackageCache\com.unity.visualscripting@1.7.8\Editor\VisualScripting.Core\Utilities\VSUsageUtility.cs:114 
  at Unity.VisualScripting.VSUsageUtility.CheckAndSetIsVisualScriptingUsed () [0x0000d] in D:\Documents & projects\Unity projects\Project_TopDown\TopDownArena\Library\PackageCache\com.unity.visualscripting@1.7.8\Editor\VisualScripting.Core\Utilities\VSUsageUtility.cs:33 
  at Unity.VisualScripting.VSUsageUtility..cctor () [0x00000] in D:\Documents & projects\Unity projects\Project_TopDown\TopDownArena\Library\PackageCache\com.unity.visualscripting@1.7.8\Editor\VisualScripting.Core\Utilities\VSUsageUtility.cs:22 
UnityEngine.StackTraceUtility:ExtractStackTrace ()
UnityEngine.DebugLogHandler:LogFormat (UnityEngine.LogType,UnityEngine.Object,string,object[])
UnityEngine.Logger:Log (UnityEngine.LogType,object)
UnityEngine.Debug:LogError (object)
UnityEditor.EditorAssemblies:ProcessInitializeOnLoadAttributes (System.Type[])

Mono: successfully reloaded assembly
- Completed reload, in  1.830 seconds
Domain Reload Profiling:
	ReloadAssembly (1831ms)
		BeginReloadAssembly (152ms)
			ExecutionOrderSort (0ms)
			DisableScriptedObjects (6ms)
			BackupInstance (0ms)
			ReleaseScriptingObjects (0ms)
			CreateAndSetChildDomain (48ms)
		EndReloadAssembly (1582ms)
			LoadAssemblies (101ms)
			RebuildTransferFunctionScriptingTraits (0ms)
			SetupTypeCache (363ms)
			ReleaseScriptCaches (3ms)
			RebuildScriptCaches (76ms)
			SetupLoadedEditorAssemblies (708ms)
				LogAssemblyErrors (0ms)
				InitializePlatformSupportModulesInManaged (13ms)
				SetLoadedEditorAssemblies (0ms)
				RefreshPlugins (1ms)
				BeforeProcessingInitializeOnLoad (122ms)
				ProcessInitializeOnLoadAttributes (502ms)
				ProcessInitializeOnLoadMethodAttributes (67ms)
				AfterProcessingInitializeOnLoad (3ms)
				EditorAssembliesLoaded (0ms)
			ExecutionOrderSort2 (0ms)
			AwakeInstancesAfterBackupRestoration (7ms)
Platform modules already initialized, skipping
Refreshing native plugins compatible for Editor in 5.34 ms, found 3 plugins.
Preloading 0 native plugins for Editor in 0.00 ms.
Unloading 6196 Unused Serialized files (Serialized files now loaded: 0)
Unloading 46 unused Assets / (2.7 MB). Loaded Objects now: 6894.
Memory consumption went from 328.5 MB to 325.8 MB.
Total: 20.294500 ms (FindLiveObjects: 0.985100 ms CreateObjectMapping: 0.654200 ms MarkObjects: 17.815600 ms  DeleteObjects: 0.838600 ms)

AssetImportParameters requested are different than current active one (requested -> active):
  custom:video-decoder-ogg-theora: a1e56fd34408186e4bbccfd4996cb3dc -> 
  custom:container-muxer-webm: aa71ff27fc2769a1b78a27578f13a17b -> 
  custom:container-demuxer-webm: 4f35f7cbe854078d1ac9338744f61a02 -> 
  custom:video-encoder-webm-vp8: eb34c28f22e8b96e1ab97ce403110664 -> 
  custom:audio-encoder-webm-vorbis: bf7c407c2cedff20999df2af8eb42d56 -> 
  custom:framework-win-MediaFoundation: 216162199b28c13a410421893ffa2e32 -> 
  custom:container-demuxer-ogg: 62fdf1f143b41e24485cea50d1cbac27 -> 
  custom:video-decoder-webm-vp8: 9c59270c3fd7afecdb556c50c9e8de78 -> 
  custom:audio-decoder-ogg-vorbis: bf7c407c2cedff20999df2af8eb42d56 -> 
========================================================================
Received Prepare
Registering precompiled user dll's ...
Registered in 0.007180 seconds.
Begin MonoManager ReloadAssembly
Symbol file LoadedFromMemory doesn't match image D:\Documents & projects\Unity projects\Project_TopDown\TopDownArena\Library\PackageCache\com.unity.visualscripting@1.7.8\Editor\VisualScripting.Core\Dependencies\YamlDotNet\Unity.VisualScripting.YamlDotNet.dll
Symbol file LoadedFromMemory doesn't match image D:\Documents & projects\Unity projects\Project_TopDown\TopDownArena\Library\PackageCache\com.unity.visualscripting@1.7.8\Editor\VisualScripting.Core\Dependencies\DotNetZip\Unity.VisualScripting.IonicZip.dll
Native extension for WindowsStandalone target not found
Native extension for WebGL target not found
Refreshing native plugins compatible for Editor in 1.15 ms, found 3 plugins.
Preloading 0 native plugins for Editor in 0.00 ms.
System.Exception: Error! Visual Scripting: couldn't find visual scripting package
  at Unity.VisualScripting.PackageVersionUtility.get_version () [0x00043] in D:\Documents & projects\Unity projects\Project_TopDown\TopDownArena\Library\PackageCache\com.unity.visualscripting@1.7.8\Editor\VisualScripting.Core\Utilities\PackageVersionUtility.cs:31 
  at Unity.VisualScripting.BoltCoreManifest.get_version () [0x00000] in D:\Documents & projects\Unity projects\Project_TopDown\TopDownArena\Library\PackageCache\com.unity.visualscripting@1.7.8\Editor\VisualScripting.Core\Plugin\BoltCoreManifest.cs:11 
  at Unity.VisualScripting.PluginManifest.get_currentVersion () [0x00000] in D:\Documents & projects\Unity projects\Project_TopDown\TopDownArena\Library\PackageCache\com.unity.visualscripting@1.7.8\Editor\VisualScripting.Core\Plugins\PluginManifest.cs:33 
  at Unity.VisualScripting.PluginManifest.get_versionMismatch () [0x00000] in D:\Documents & projects\Unity projects\Project_TopDown\TopDownArena\Library\PackageCache\com.unity.visualscripting@1.7.8\Editor\VisualScripting.Core\Plugins\PluginManifest.cs:48 
  at Unity.VisualScripting.PluginContainer.Initialize () [0x00525] in D:\Documents & projects\Unity projects\Project_TopDown\TopDownArena\Library\PackageCache\com.unity.visualscripting@1.7.8\Editor\VisualScripting.Core\Plugins\PluginContainer.cs:208 
  at Unity.VisualScripting.PluginContainer.InitializeOnLoad () [0x00009] in D:\Documents & projects\Unity projects\Project_TopDown\TopDownArena\Library\PackageCache\com.unity.visualscripting@1.7.8\Editor\VisualScripting.Core\Plugins\PluginContainer.cs:32 
  at Unity.VisualScripting.VSUsageUtility.DoInitializeOnLoadCalls () [0x00034] in D:\Documents & projects\Unity projects\Project_TopDown\TopDownArena\Library\PackageCache\com.unity.visualscripting@1.7.8\Editor\VisualScripting.Core\Utilities\VSUsageUtility.cs:76 
  at Unity.VisualScripting.VSUsageUtility.set_isVisualScriptingUsed (System.Boolean value) [0x0002c] in D:\Documents & projects\Unity projects\Project_TopDown\TopDownArena\Library\PackageCache\com.unity.visualscripting@1.7.8\Editor\VisualScripting.Core\Utilities\VSUsageUtility.cs:114 
  at Unity.VisualScripting.VSUsageUtility.CheckAndSetIsVisualScriptingUsed () [0x0000d] in D:\Documents & projects\Unity projects\Project_TopDown\TopDownArena\Library\PackageCache\com.unity.visualscripting@1.7.8\Editor\VisualScripting.Core\Utilities\VSUsageUtility.cs:33 
  at Unity.VisualScripting.VSUsageUtility..cctor () [0x00000] in D:\Documents & projects\Unity projects\Project_TopDown\TopDownArena\Library\PackageCache\com.unity.visualscripting@1.7.8\Editor\VisualScripting.Core\Utilities\VSUsageUtility.cs:22 
UnityEngine.StackTraceUtility:ExtractStackTrace ()
UnityEngine.DebugLogHandler:LogFormat (UnityEngine.LogType,UnityEngine.Object,string,object[])
UnityEngine.Logger:Log (UnityEngine.LogType,object)
UnityEngine.Debug:LogError (object)
UnityEditor.EditorAssemblies:ProcessInitializeOnLoadAttributes (System.Type[])

Error saving file Library/StateCache/LayerSettings/9e/9ecc5c3c162a7aba29bafa64c8b94b7c.json. Error: System.IO.IOException: Sharing violation on path D:\Documents & projects\Unity projects\Project_TopDown\TopDownArena\Library\StateCache\LayerSettings\9e\9ecc5c3c162a7aba29bafa64c8b94b7c.json
  at System.IO.FileStream..ctor (System.String path, System.IO.FileMode mode, System.IO.FileAccess access, System.IO.FileShare share, System.Int32 bufferSize, System.Boolean anonymous, System.IO.FileOptions options) [0x0019e] in <e40e5a8f982c4b618a930d29f9bd091c>:0 
  at System.IO.FileStream..ctor (System.String path, System.IO.FileMode mode, System.IO.FileAccess access, System.IO.FileShare share, System.Int32 bufferSize, System.IO.FileOptions options) [0x00000] in <e40e5a8f982c4b618a930d29f9bd091c>:0 
  at (wrapper remoting-invoke-with-check) System.IO.FileStream..ctor(string,System.IO.FileMode,System.IO.FileAccess,System.IO.FileShare,int,System.IO.FileOptions)
  at System.IO.StreamWriter..ctor (System.String path, System.Boolean append, System.Text.Encoding encoding, System.Int32 bufferSize) [0x00055] in <e40e5a8f982c4b618a930d29f9bd091c>:0 
  at System.IO.StreamWriter..ctor (System.String path, System.Boolean append, System.Text.Encoding encoding) [0x00000] in <e40e5a8f982c4b618a930d29f9bd091c>:0 
  at (wrapper remoting-invoke-with-check) System.IO.StreamWriter..ctor(string,bool,System.Text.Encoding)
  at System.IO.File.WriteAllText (System.String path, System.String contents, System.Text.Encoding encoding) [0x00034] in <e40e5a8f982c4b618a930d29f9bd091c>:0 
  at UnityEditor.StateCache`1[T].SetState (UnityEngine.Hash128 key, T obj) [0x0004b] in <44a70d1b13cf47e29810e30f45ffae08>:0 
UnityEngine.StackTraceUtility:ExtractStackTrace ()
UnityEngine.DebugLogHandler:LogFormat (UnityEngine.LogType,UnityEngine.Object,string,object[])
UnityEngine.Logger:Log (UnityEngine.LogType,object)
UnityEngine.Debug:LogError (object)
UnityEditor.StateCache`1<UnityEditor.Tools/LayerSettings>:SetState (UnityEngine.Hash128,UnityEditor.Tools/LayerSettings)
UnityEditor.Tools:set_lockedLayers (int)
UnityEditor.Tools:OnEnable ()

Mono: successfully reloaded assembly
- Completed reload, in  2.017 seconds
Domain Reload Profiling:
	ReloadAssembly (2018ms)
		BeginReloadAssembly (155ms)
			ExecutionOrderSort (0ms)
			DisableScriptedObjects (6ms)
			BackupInstance (0ms)
			ReleaseScriptingObjects (0ms)
			CreateAndSetChildDomain (49ms)
		EndReloadAssembly (1758ms)
			LoadAssemblies (103ms)
			RebuildTransferFunctionScriptingTraits (0ms)
			SetupTypeCache (369ms)
			ReleaseScriptCaches (2ms)
			RebuildScriptCaches (82ms)
			SetupLoadedEditorAssemblies (846ms)
				LogAssemblyErrors (0ms)
				InitializePlatformSupportModulesInManaged (13ms)
				SetLoadedEditorAssemblies (1ms)
				RefreshPlugins (1ms)
				BeforeProcessingInitializeOnLoad (131ms)
				ProcessInitializeOnLoadAttributes (617ms)
				ProcessInitializeOnLoadMethodAttributes (80ms)
				AfterProcessingInitializeOnLoad (3ms)
				EditorAssembliesLoaded (0ms)
			ExecutionOrderSort2 (0ms)
			AwakeInstancesAfterBackupRestoration (13ms)
Platform modules already initialized, skipping
Refreshing native plugins compatible for Editor in 2.96 ms, found 3 plugins.
Preloading 0 native plugins for Editor in 0.00 ms.
Unloading 6196 Unused Serialized files (Serialized files now loaded: 0)
Unloading 46 unused Assets / (2.7 MB). Loaded Objects now: 6911.
Memory consumption went from 328.5 MB to 325.8 MB.
Total: 18.782000 ms (FindLiveObjects: 0.607900 ms CreateObjectMapping: 0.707500 ms MarkObjects: 16.138600 ms  DeleteObjects: 1.326800 ms)

AssetImportParameters requested are different than current active one (requested -> active):
  custom:video-decoder-ogg-theora: a1e56fd34408186e4bbccfd4996cb3dc -> 
  custom:container-muxer-webm: aa71ff27fc2769a1b78a27578f13a17b -> 
  custom:container-demuxer-webm: 4f35f7cbe854078d1ac9338744f61a02 -> 
  custom:video-encoder-webm-vp8: eb34c28f22e8b96e1ab97ce403110664 -> 
  custom:audio-encoder-webm-vorbis: bf7c407c2cedff20999df2af8eb42d56 -> 
  custom:framework-win-MediaFoundation: 216162199b28c13a410421893ffa2e32 -> 
  custom:container-demuxer-ogg: 62fdf1f143b41e24485cea50d1cbac27 -> 
  custom:video-decoder-webm-vp8: 9c59270c3fd7afecdb556c50c9e8de78 -> 
  custom:audio-decoder-ogg-vorbis: bf7c407c2cedff20999df2af8eb42d56 -> 
========================================================================
Received Import Request.
  Time since last request: 620.515693 seconds.
  path: Assets/Props and Items/PREF_TestBottle_4.prefab
  artifactKey: Guid(574186b21d08ef54f85535eeec66abb4) Importer(815301076,1909f56bfc062723c751e8b465ee728b)
Start importing Assets/Props and Items/PREF_TestBottle_4.prefab using Guid(574186b21d08ef54f85535eeec66abb4) Importer(815301076,1909f56bfc062723c751e8b465ee728b)  -> (artifact id: 'd4a62770084d3ae69347c59c1c2d8f7a') in 0.041672 seconds 
========================================================================
Received Import Request.
  Time since last request: 11.230481 seconds.
  path: Assets/Props and Items/PREF_TestBottle_4.prefab
  artifactKey: Guid(574186b21d08ef54f85535eeec66abb4) Importer(815301076,1909f56bfc062723c751e8b465ee728b)
Start importing Assets/Props and Items/PREF_TestBottle_4.prefab using Guid(574186b21d08ef54f85535eeec66abb4) Importer(815301076,1909f56bfc062723c751e8b465ee728b)  -> (artifact id: '3054027d13be2faa11df5db18202461d') in 0.578967 seconds 
========================================================================
Received Import Request.
  Time since last request: 122.408381 seconds.
  path: Assets/Props and Items/TestBottle_1.prefab
  artifactKey: Guid(669b3a7a316dbc24ca5fb4ee9a1f18e8) Importer(815301076,1909f56bfc062723c751e8b465ee728b)
Start importing Assets/Props and Items/TestBottle_1.prefab using Guid(669b3a7a316dbc24ca5fb4ee9a1f18e8) Importer(815301076,1909f56bfc062723c751e8b465ee728b)  -> (artifact id: '9ec390ae385f7e78c3633d0e6acdaff2') in 0.035597 seconds 
========================================================================
Received Import Request.
  Time since last request: 9.488515 seconds.
  path: Assets/Props and Items/PREF_TestBottle_1.prefab
  artifactKey: Guid(669b3a7a316dbc24ca5fb4ee9a1f18e8) Importer(815301076,1909f56bfc062723c751e8b465ee728b)
Start importing Assets/Props and Items/PREF_TestBottle_1.prefab using Guid(669b3a7a316dbc24ca5fb4ee9a1f18e8) Importer(815301076,1909f56bfc062723c751e8b465ee728b)  -> (artifact id: '3d5bb801c335f85c6d61a244c38b8536') in 0.015439 seconds 
========================================================================
Received Import Request.
  Time since last request: 3.912337 seconds.
  path: Assets/Props and Items/TestBottle_2.prefab
  artifactKey: Guid(a7af6e0369d25ba40bdbd2d0fb2e4e21) Importer(815301076,1909f56bfc062723c751e8b465ee728b)
Start importing Assets/Props and Items/TestBottle_2.prefab using Guid(a7af6e0369d25ba40bdbd2d0fb2e4e21) Importer(815301076,1909f56bfc062723c751e8b465ee728b)  -> (artifact id: 'b4bc332f37560d55f7ea0660df2099a9') in 0.016026 seconds 
========================================================================
Received Import Request.
  Time since last request: 7.331807 seconds.
  path: Assets/Props and Items/PREF_TestBottle_2.prefab
  artifactKey: Guid(a7af6e0369d25ba40bdbd2d0fb2e4e21) Importer(815301076,1909f56bfc062723c751e8b465ee728b)
Start importing Assets/Props and Items/PREF_TestBottle_2.prefab using Guid(a7af6e0369d25ba40bdbd2d0fb2e4e21) Importer(815301076,1909f56bfc062723c751e8b465ee728b)  -> (artifact id: 'ee6dcda02291eabfea527b4675b41b80') in 0.017193 seconds 
========================================================================
Received Import Request.
  Time since last request: 5.034906 seconds.
  path: Assets/Props and Items/TestBottle_3.prefab
  artifactKey: Guid(17fb426401a940c4f9e71f64943ea858) Importer(815301076,1909f56bfc062723c751e8b465ee728b)
Start importing Assets/Props and Items/TestBottle_3.prefab using Guid(17fb426401a940c4f9e71f64943ea858) Importer(815301076,1909f56bfc062723c751e8b465ee728b)  -> (artifact id: '4f41eef46844a2fbdae1457794e3e532') in 0.014618 seconds 
========================================================================
Received Import Request.
  Time since last request: 10.293960 seconds.
  path: Assets/Props and Items/PREF_TestBottle_3.prefab
  artifactKey: Guid(17fb426401a940c4f9e71f64943ea858) Importer(815301076,1909f56bfc062723c751e8b465ee728b)
Start importing Assets/Props and Items/PREF_TestBottle_3.prefab using Guid(17fb426401a940c4f9e71f64943ea858) Importer(815301076,1909f56bfc062723c751e8b465ee728b)  -> (artifact id: 'f3bdbe8e89e170bd3cddfccaec62e8c6') in 0.017460 seconds 
========================================================================
Received Import Request.
  Time since last request: 3.286561 seconds.
  path: Assets/Props and Items/TestBottle_5.prefab
  artifactKey: Guid(e6c2cc2b49a493742bfa9628159f80e5) Importer(815301076,1909f56bfc062723c751e8b465ee728b)
Start importing Assets/Props and Items/TestBottle_5.prefab using Guid(e6c2cc2b49a493742bfa9628159f80e5) Importer(815301076,1909f56bfc062723c751e8b465ee728b)  -> (artifact id: '6e4b30a9cb45df05815094c2105283e5') in 0.057731 seconds 
========================================================================
Received Import Request.
  Time since last request: 7.541122 seconds.
  path: Assets/Props and Items/PREF_TestBottle_5.prefab
  artifactKey: Guid(e6c2cc2b49a493742bfa9628159f80e5) Importer(815301076,1909f56bfc062723c751e8b465ee728b)
Start importing Assets/Props and Items/PREF_TestBottle_5.prefab using Guid(e6c2cc2b49a493742bfa9628159f80e5) Importer(815301076,1909f56bfc062723c751e8b465ee728b)  -> (artifact id: 'f98758c6498a106ffd07eb586719258d') in 0.014816 seconds 
========================================================================
Received Prepare
Registering precompiled user dll's ...
Registered in 0.009896 seconds.
Begin MonoManager ReloadAssembly
Symbol file LoadedFromMemory doesn't match image D:\Documents & projects\Unity projects\Project_TopDown\TopDownArena\Library\PackageCache\com.unity.visualscripting@1.7.8\Editor\VisualScripting.Core\Dependencies\YamlDotNet\Unity.VisualScripting.YamlDotNet.dll
Symbol file LoadedFromMemory doesn't match image D:\Documents & projects\Unity projects\Project_TopDown\TopDownArena\Library\PackageCache\com.unity.visualscripting@1.7.8\Editor\VisualScripting.Core\Dependencies\DotNetZip\Unity.VisualScripting.IonicZip.dll
Native extension for WindowsStandalone target not found
Native extension for WebGL target not found
Refreshing native plugins compatible for Editor in 1.11 ms, found 3 plugins.
Preloading 0 native plugins for Editor in 0.00 ms.
System.Exception: Error! Visual Scripting: couldn't find visual scripting package
  at Unity.VisualScripting.PackageVersionUtility.get_version () [0x00043] in D:\Documents & projects\Unity projects\Project_TopDown\TopDownArena\Library\PackageCache\com.unity.visualscripting@1.7.8\Editor\VisualScripting.Core\Utilities\PackageVersionUtility.cs:31 
  at Unity.VisualScripting.BoltCoreManifest.get_version () [0x00000] in D:\Documents & projects\Unity projects\Project_TopDown\TopDownArena\Library\PackageCache\com.unity.visualscripting@1.7.8\Editor\VisualScripting.Core\Plugin\BoltCoreManifest.cs:11 
  at Unity.VisualScripting.PluginManifest.get_currentVersion () [0x00000] in D:\Documents & projects\Unity projects\Project_TopDown\TopDownArena\Library\PackageCache\com.unity.visualscripting@1.7.8\Editor\VisualScripting.Core\Plugins\PluginManifest.cs:33 
  at Unity.VisualScripting.PluginManifest.get_versionMismatch () [0x00000] in D:\Documents & projects\Unity projects\Project_TopDown\TopDownArena\Library\PackageCache\com.unity.visualscripting@1.7.8\Editor\VisualScripting.Core\Plugins\PluginManifest.cs:48 
  at Unity.VisualScripting.PluginContainer.Initialize () [0x00525] in D:\Documents & projects\Unity projects\Project_TopDown\TopDownArena\Library\PackageCache\com.unity.visualscripting@1.7.8\Editor\VisualScripting.Core\Plugins\PluginContainer.cs:208 
  at Unity.VisualScripting.PluginContainer.InitializeOnLoad () [0x00009] in D:\Documents & projects\Unity projects\Project_TopDown\TopDownArena\Library\PackageCache\com.unity.visualscripting@1.7.8\Editor\VisualScripting.Core\Plugins\PluginContainer.cs:32 
  at Unity.VisualScripting.VSUsageUtility.DoInitializeOnLoadCalls () [0x00034] in D:\Documents & projects\Unity projects\Project_TopDown\TopDownArena\Library\PackageCache\com.unity.visualscripting@1.7.8\Editor\VisualScripting.Core\Utilities\VSUsageUtility.cs:76 
  at Unity.VisualScripting.VSUsageUtility.set_isVisualScriptingUsed (System.Boolean value) [0x0002c] in D:\Documents & projects\Unity projects\Project_TopDown\TopDownArena\Library\PackageCache\com.unity.visualscripting@1.7.8\Editor\VisualScripting.Core\Utilities\VSUsageUtility.cs:114 
  at Unity.VisualScripting.VSUsageUtility.CheckAndSetIsVisualScriptingUsed () [0x0000d] in D:\Documents & projects\Unity projects\Project_TopDown\TopDownArena\Library\PackageCache\com.unity.visualscripting@1.7.8\Editor\VisualScripting.Core\Utilities\VSUsageUtility.cs:33 
  at Unity.VisualScripting.VSUsageUtility..cctor () [0x00000] in D:\Documents & projects\Unity projects\Project_TopDown\TopDownArena\Library\PackageCache\com.unity.visualscripting@1.7.8\Editor\VisualScripting.Core\Utilities\VSUsageUtility.cs:22 
UnityEngine.StackTraceUtility:ExtractStackTrace ()
UnityEngine.DebugLogHandler:LogFormat (UnityEngine.LogType,UnityEngine.Object,string,object[])
UnityEngine.Logger:Log (UnityEngine.LogType,object)
UnityEngine.Debug:LogError (object)
UnityEditor.EditorAssemblies:ProcessInitializeOnLoadAttributes (System.Type[])

Mono: successfully reloaded assembly
- Completed reload, in  2.021 seconds
Domain Reload Profiling:
	ReloadAssembly (2022ms)
		BeginReloadAssembly (157ms)
			ExecutionOrderSort (0ms)
			DisableScriptedObjects (6ms)
			BackupInstance (0ms)
			ReleaseScriptingObjects (0ms)
			CreateAndSetChildDomain (53ms)
		EndReloadAssembly (1749ms)
			LoadAssemblies (104ms)
			RebuildTransferFunctionScriptingTraits (0ms)
			SetupTypeCache (341ms)
			ReleaseScriptCaches (2ms)
			RebuildScriptCaches (86ms)
			SetupLoadedEditorAssemblies (851ms)
				LogAssemblyErrors (0ms)
				InitializePlatformSupportModulesInManaged (12ms)
				SetLoadedEditorAssemblies (0ms)
				RefreshPlugins (1ms)
				BeforeProcessingInitializeOnLoad (144ms)
				ProcessInitializeOnLoadAttributes (598ms)
				ProcessInitializeOnLoadMethodAttributes (94ms)
				AfterProcessingInitializeOnLoad (3ms)
				EditorAssembliesLoaded (0ms)
			ExecutionOrderSort2 (0ms)
			AwakeInstancesAfterBackupRestoration (12ms)
Platform modules already initialized, skipping
Refreshing native plugins compatible for Editor in 2.50 ms, found 3 plugins.
Preloading 0 native plugins for Editor in 0.00 ms.
Unloading 6196 Unused Serialized files (Serialized files now loaded: 0)
Unloading 46 unused Assets / (2.7 MB). Loaded Objects now: 6929.
Memory consumption went from 328.6 MB to 325.9 MB.
Total: 12.249100 ms (FindLiveObjects: 0.481500 ms CreateObjectMapping: 0.420500 ms MarkObjects: 10.724300 ms  DeleteObjects: 0.622000 ms)

AssetImportParameters requested are different than current active one (requested -> active):
  custom:video-decoder-ogg-theora: a1e56fd34408186e4bbccfd4996cb3dc -> 
  custom:container-muxer-webm: aa71ff27fc2769a1b78a27578f13a17b -> 
  custom:container-demuxer-webm: 4f35f7cbe854078d1ac9338744f61a02 -> 
  custom:video-encoder-webm-vp8: eb34c28f22e8b96e1ab97ce403110664 -> 
  custom:audio-encoder-webm-vorbis: bf7c407c2cedff20999df2af8eb42d56 -> 
  custom:framework-win-MediaFoundation: 216162199b28c13a410421893ffa2e32 -> 
  custom:container-demuxer-ogg: 62fdf1f143b41e24485cea50d1cbac27 -> 
  custom:video-decoder-webm-vp8: 9c59270c3fd7afecdb556c50c9e8de78 -> 
  custom:audio-decoder-ogg-vorbis: bf7c407c2cedff20999df2af8eb42d56 -> 
========================================================================
Received Import Request.
  Time since last request: 512.322513 seconds.
  path: Assets/Props and Items/TestCup_1.prefab
  artifactKey: Guid(c8a0762c05e4e5d4f9e9712099198473) Importer(815301076,1909f56bfc062723c751e8b465ee728b)
Start importing Assets/Props and Items/TestCup_1.prefab using Guid(c8a0762c05e4e5d4f9e9712099198473) Importer(815301076,1909f56bfc062723c751e8b465ee728b)  -> (artifact id: '7b29cebe507fb18a98cf87248bddef00') in 0.088329 seconds 
========================================================================
Received Import Request.
  Time since last request: 6.750033 seconds.
  path: Assets/Props and Items/PREF_TestCup_1.prefab
  artifactKey: Guid(c8a0762c05e4e5d4f9e9712099198473) Importer(815301076,1909f56bfc062723c751e8b465ee728b)
Start importing Assets/Props and Items/PREF_TestCup_1.prefab using Guid(c8a0762c05e4e5d4f9e9712099198473) Importer(815301076,1909f56bfc062723c751e8b465ee728b)  -> (artifact id: '9ed98645f1971cbfb8d19071a6fcd3ae') in 0.558010 seconds 
========================================================================
Received Import Request.
  Time since last request: 2433.137131 seconds.
  path: Assets/Props and Items/TestTableLamp_1.fbx
  artifactKey: Guid(6df1ceb306f5b174ab755f2921cd7c99) Importer(815301076,1909f56bfc062723c751e8b465ee728b)
Start importing Assets/Props and Items/TestTableLamp_1.fbx using Guid(6df1ceb306f5b174ab755f2921cd7c99) Importer(815301076,1909f56bfc062723c751e8b465ee728b)  -> (artifact id: '2425286f60f5bde964f5709f3cf44647') in 0.322407 seconds 
========================================================================
Received Import Request.
  Time since last request: 50.045242 seconds.
  path: Assets/Props and Items/MTR_TEST_LampActive.mat
  artifactKey: Guid(04b7c6951a158744fa586e771eb6ebf8) Importer(815301076,1909f56bfc062723c751e8b465ee728b)
Start importing Assets/Props and Items/MTR_TEST_LampActive.mat using Guid(04b7c6951a158744fa586e771eb6ebf8) Importer(815301076,1909f56bfc062723c751e8b465ee728b)  -> (artifact id: '498d5d132d53b3d29cdcb2545099a1c0') in 0.057517 seconds 
========================================================================
Received Import Request.
  Time since last request: 219.736742 seconds.
  path: Assets/Props and Items/TestTableLamp_1.prefab
  artifactKey: Guid(3fcb98497d261fa4c8a856e704b9384c) Importer(815301076,1909f56bfc062723c751e8b465ee728b)
Start importing Assets/Props and Items/TestTableLamp_1.prefab using Guid(3fcb98497d261fa4c8a856e704b9384c) Importer(815301076,1909f56bfc062723c751e8b465ee728b)  -> (artifact id: 'c04ddba69ba535d996f0c428c70a674c') in 0.141513 seconds 
========================================================================
Received Import Request.
  Time since last request: 6.051873 seconds.
  path: Assets/Props and Items/PREF_TestTableLamp_1.prefab
  artifactKey: Guid(3fcb98497d261fa4c8a856e704b9384c) Importer(815301076,1909f56bfc062723c751e8b465ee728b)
Start importing Assets/Props and Items/PREF_TestTableLamp_1.prefab using Guid(3fcb98497d261fa4c8a856e704b9384c) Importer(815301076,1909f56bfc062723c751e8b465ee728b)  -> (artifact id: 'f5019d021b239ad45bdffa5257e42720') in 0.024979 seconds 
========================================================================
Received Import Request.
  Time since last request: 4.228085 seconds.
  path: Assets/Props and Items/PREF_TestTableLamp_1.prefab
  artifactKey: Guid(3fcb98497d261fa4c8a856e704b9384c) Importer(815301076,1909f56bfc062723c751e8b465ee728b)
Start importing Assets/Props and Items/PREF_TestTableLamp_1.prefab using Guid(3fcb98497d261fa4c8a856e704b9384c) Importer(815301076,1909f56bfc062723c751e8b465ee728b)  -> (artifact id: '40e91360758b129fb9341f241768d850') in 0.020561 seconds 
========================================================================
Received Import Request.
  Time since last request: 10.221658 seconds.
  path: Assets/Props and Items/PREF_TestTableLamp_1.prefab
  artifactKey: Guid(3fcb98497d261fa4c8a856e704b9384c) Importer(815301076,1909f56bfc062723c751e8b465ee728b)
Start importing Assets/Props and Items/PREF_TestTableLamp_1.prefab using Guid(3fcb98497d261fa4c8a856e704b9384c) Importer(815301076,1909f56bfc062723c751e8b465ee728b)  -> (artifact id: 'afd4fdf7afc2ea599a88c1f5a8741e5c') in 0.027376 seconds 
========================================================================
Received Import Request.
  Time since last request: 4.603935 seconds.
  path: Assets/Props and Items/PREF_TestTableLamp_1.prefab
  artifactKey: Guid(3fcb98497d261fa4c8a856e704b9384c) Importer(815301076,1909f56bfc062723c751e8b465ee728b)
Start importing Assets/Props and Items/PREF_TestTableLamp_1.prefab using Guid(3fcb98497d261fa4c8a856e704b9384c) Importer(815301076,1909f56bfc062723c751e8b465ee728b)  -> (artifact id: 'a21b1f8864fcc65102e6be49c597b6c4') in 0.010635 seconds 
========================================================================
Received Prepare
Registering precompiled user dll's ...
Registered in 0.007988 seconds.
Begin MonoManager ReloadAssembly
Symbol file LoadedFromMemory doesn't match image D:\Documents & projects\Unity projects\Project_TopDown\TopDownArena\Library\PackageCache\com.unity.visualscripting@1.7.8\Editor\VisualScripting.Core\Dependencies\YamlDotNet\Unity.VisualScripting.YamlDotNet.dll
Symbol file LoadedFromMemory doesn't match image D:\Documents & projects\Unity projects\Project_TopDown\TopDownArena\Library\PackageCache\com.unity.visualscripting@1.7.8\Editor\VisualScripting.Core\Dependencies\DotNetZip\Unity.VisualScripting.IonicZip.dll
Native extension for WindowsStandalone target not found
Native extension for WebGL target not found
Refreshing native plugins compatible for Editor in 1.87 ms, found 3 plugins.
Preloading 0 native plugins for Editor in 0.00 ms.
System.Exception: Error! Visual Scripting: couldn't find visual scripting package
  at Unity.VisualScripting.PackageVersionUtility.get_version () [0x00043] in D:\Documents & projects\Unity projects\Project_TopDown\TopDownArena\Library\PackageCache\com.unity.visualscripting@1.7.8\Editor\VisualScripting.Core\Utilities\PackageVersionUtility.cs:31 
  at Unity.VisualScripting.BoltCoreManifest.get_version () [0x00000] in D:\Documents & projects\Unity projects\Project_TopDown\TopDownArena\Library\PackageCache\com.unity.visualscripting@1.7.8\Editor\VisualScripting.Core\Plugin\BoltCoreManifest.cs:11 
  at Unity.VisualScripting.PluginManifest.get_currentVersion () [0x00000] in D:\Documents & projects\Unity projects\Project_TopDown\TopDownArena\Library\PackageCache\com.unity.visualscripting@1.7.8\Editor\VisualScripting.Core\Plugins\PluginManifest.cs:33 
  at Unity.VisualScripting.PluginManifest.get_versionMismatch () [0x00000] in D:\Documents & projects\Unity projects\Project_TopDown\TopDownArena\Library\PackageCache\com.unity.visualscripting@1.7.8\Editor\VisualScripting.Core\Plugins\PluginManifest.cs:48 
  at Unity.VisualScripting.PluginContainer.Initialize () [0x00525] in D:\Documents & projects\Unity projects\Project_TopDown\TopDownArena\Library\PackageCache\com.unity.visualscripting@1.7.8\Editor\VisualScripting.Core\Plugins\PluginContainer.cs:208 
  at Unity.VisualScripting.PluginContainer.InitializeOnLoad () [0x00009] in D:\Documents & projects\Unity projects\Project_TopDown\TopDownArena\Library\PackageCache\com.unity.visualscripting@1.7.8\Editor\VisualScripting.Core\Plugins\PluginContainer.cs:32 
  at Unity.VisualScripting.VSUsageUtility.DoInitializeOnLoadCalls () [0x00034] in D:\Documents & projects\Unity projects\Project_TopDown\TopDownArena\Library\PackageCache\com.unity.visualscripting@1.7.8\Editor\VisualScripting.Core\Utilities\VSUsageUtility.cs:76 
  at Unity.VisualScripting.VSUsageUtility.set_isVisualScriptingUsed (System.Boolean value) [0x0002c] in D:\Documents & projects\Unity projects\Project_TopDown\TopDownArena\Library\PackageCache\com.unity.visualscripting@1.7.8\Editor\VisualScripting.Core\Utilities\VSUsageUtility.cs:114 
  at Unity.VisualScripting.VSUsageUtility.CheckAndSetIsVisualScriptingUsed () [0x0000d] in D:\Documents & projects\Unity projects\Project_TopDown\TopDownArena\Library\PackageCache\com.unity.visualscripting@1.7.8\Editor\VisualScripting.Core\Utilities\VSUsageUtility.cs:33 
  at Unity.VisualScripting.VSUsageUtility..cctor () [0x00000] in D:\Documents & projects\Unity projects\Project_TopDown\TopDownArena\Library\PackageCache\com.unity.visualscripting@1.7.8\Editor\VisualScripting.Core\Utilities\VSUsageUtility.cs:22 
UnityEngine.StackTraceUtility:ExtractStackTrace ()
UnityEngine.DebugLogHandler:LogFormat (UnityEngine.LogType,UnityEngine.Object,string,object[])
UnityEngine.Logger:Log (UnityEngine.LogType,object)
UnityEngine.Debug:LogError (object)
UnityEditor.EditorAssemblies:ProcessInitializeOnLoadAttributes (System.Type[])

Mono: successfully reloaded assembly
- Completed reload, in  3.906 seconds
Domain Reload Profiling:
	ReloadAssembly (3907ms)
		BeginReloadAssembly (428ms)
			ExecutionOrderSort (0ms)
			DisableScriptedObjects (23ms)
			BackupInstance (0ms)
			ReleaseScriptingObjects (0ms)
			CreateAndSetChildDomain (119ms)
		EndReloadAssembly (3271ms)
			LoadAssemblies (285ms)
			RebuildTransferFunctionScriptingTraits (0ms)
			SetupTypeCache (726ms)
			ReleaseScriptCaches (4ms)
			RebuildScriptCaches (162ms)
			SetupLoadedEditorAssemblies (1537ms)
				LogAssemblyErrors (0ms)
				InitializePlatformSupportModulesInManaged (24ms)
				SetLoadedEditorAssemblies (1ms)
				RefreshPlugins (2ms)
				BeforeProcessingInitializeOnLoad (219ms)
				ProcessInitializeOnLoadAttributes (1148ms)
				ProcessInitializeOnLoadMethodAttributes (136ms)
				AfterProcessingInitializeOnLoad (5ms)
				EditorAssembliesLoaded (1ms)
			ExecutionOrderSort2 (0ms)
			AwakeInstancesAfterBackupRestoration (17ms)
Platform modules already initialized, skipping
Refreshing native plugins compatible for Editor in 4.67 ms, found 3 plugins.
Preloading 0 native plugins for Editor in 0.00 ms.
Unloading 6196 Unused Serialized files (Serialized files now loaded: 0)
Unloading 46 unused Assets / (2.7 MB). Loaded Objects now: 6947.
Memory consumption went from 328.6 MB to 326.0 MB.
Total: 20.812400 ms (FindLiveObjects: 1.426900 ms CreateObjectMapping: 0.799200 ms MarkObjects: 17.524500 ms  DeleteObjects: 1.060500 ms)

AssetImportParameters requested are different than current active one (requested -> active):
  custom:video-decoder-ogg-theora: a1e56fd34408186e4bbccfd4996cb3dc -> 
  custom:container-muxer-webm: aa71ff27fc2769a1b78a27578f13a17b -> 
  custom:container-demuxer-webm: 4f35f7cbe854078d1ac9338744f61a02 -> 
  custom:video-encoder-webm-vp8: eb34c28f22e8b96e1ab97ce403110664 -> 
  custom:audio-encoder-webm-vorbis: bf7c407c2cedff20999df2af8eb42d56 -> 
  custom:framework-win-MediaFoundation: 216162199b28c13a410421893ffa2e32 -> 
  custom:container-demuxer-ogg: 62fdf1f143b41e24485cea50d1cbac27 -> 
  custom:video-decoder-webm-vp8: 9c59270c3fd7afecdb556c50c9e8de78 -> 
  custom:audio-decoder-ogg-vorbis: bf7c407c2cedff20999df2af8eb42d56 -> 
========================================================================
Received Prepare
Registering precompiled user dll's ...
Registered in 0.008428 seconds.
Begin MonoManager ReloadAssembly
Symbol file LoadedFromMemory doesn't match image D:\Documents & projects\Unity projects\Project_TopDown\TopDownArena\Library\PackageCache\com.unity.visualscripting@1.7.8\Editor\VisualScripting.Core\Dependencies\YamlDotNet\Unity.VisualScripting.YamlDotNet.dll
Symbol file LoadedFromMemory doesn't match image D:\Documents & projects\Unity projects\Project_TopDown\TopDownArena\Library\PackageCache\com.unity.visualscripting@1.7.8\Editor\VisualScripting.Core\Dependencies\DotNetZip\Unity.VisualScripting.IonicZip.dll
Native extension for WindowsStandalone target not found
Native extension for WebGL target not found
Refreshing native plugins compatible for Editor in 2.80 ms, found 3 plugins.
Preloading 0 native plugins for Editor in 0.00 ms.
System.Exception: Error! Visual Scripting: couldn't find visual scripting package
  at Unity.VisualScripting.PackageVersionUtility.get_version () [0x00043] in D:\Documents & projects\Unity projects\Project_TopDown\TopDownArena\Library\PackageCache\com.unity.visualscripting@1.7.8\Editor\VisualScripting.Core\Utilities\PackageVersionUtility.cs:31 
  at Unity.VisualScripting.BoltCoreManifest.get_version () [0x00000] in D:\Documents & projects\Unity projects\Project_TopDown\TopDownArena\Library\PackageCache\com.unity.visualscripting@1.7.8\Editor\VisualScripting.Core\Plugin\BoltCoreManifest.cs:11 
  at Unity.VisualScripting.PluginManifest.get_currentVersion () [0x00000] in D:\Documents & projects\Unity projects\Project_TopDown\TopDownArena\Library\PackageCache\com.unity.visualscripting@1.7.8\Editor\VisualScripting.Core\Plugins\PluginManifest.cs:33 
  at Unity.VisualScripting.PluginManifest.get_versionMismatch () [0x00000] in D:\Documents & projects\Unity projects\Project_TopDown\TopDownArena\Library\PackageCache\com.unity.visualscripting@1.7.8\Editor\VisualScripting.Core\Plugins\PluginManifest.cs:48 
  at Unity.VisualScripting.PluginContainer.Initialize () [0x00525] in D:\Documents & projects\Unity projects\Project_TopDown\TopDownArena\Library\PackageCache\com.unity.visualscripting@1.7.8\Editor\VisualScripting.Core\Plugins\PluginContainer.cs:208 
  at Unity.VisualScripting.PluginContainer.InitializeOnLoad () [0x00009] in D:\Documents & projects\Unity projects\Project_TopDown\TopDownArena\Library\PackageCache\com.unity.visualscripting@1.7.8\Editor\VisualScripting.Core\Plugins\PluginContainer.cs:32 
  at Unity.VisualScripting.VSUsageUtility.DoInitializeOnLoadCalls () [0x00034] in D:\Documents & projects\Unity projects\Project_TopDown\TopDownArena\Library\PackageCache\com.unity.visualscripting@1.7.8\Editor\VisualScripting.Core\Utilities\VSUsageUtility.cs:76 
  at Unity.VisualScripting.VSUsageUtility.set_isVisualScriptingUsed (System.Boolean value) [0x0002c] in D:\Documents & projects\Unity projects\Project_TopDown\TopDownArena\Library\PackageCache\com.unity.visualscripting@1.7.8\Editor\VisualScripting.Core\Utilities\VSUsageUtility.cs:114 
  at Unity.VisualScripting.VSUsageUtility.CheckAndSetIsVisualScriptingUsed () [0x0000d] in D:\Documents & projects\Unity projects\Project_TopDown\TopDownArena\Library\PackageCache\com.unity.visualscripting@1.7.8\Editor\VisualScripting.Core\Utilities\VSUsageUtility.cs:33 
  at Unity.VisualScripting.VSUsageUtility..cctor () [0x00000] in D:\Documents & projects\Unity projects\Project_TopDown\TopDownArena\Library\PackageCache\com.unity.visualscripting@1.7.8\Editor\VisualScripting.Core\Utilities\VSUsageUtility.cs:22 
UnityEngine.StackTraceUtility:ExtractStackTrace ()
UnityEngine.DebugLogHandler:LogFormat (UnityEngine.LogType,UnityEngine.Object,string,object[])
UnityEngine.Logger:Log (UnityEngine.LogType,object)
UnityEngine.Debug:LogError (object)
UnityEditor.EditorAssemblies:ProcessInitializeOnLoadAttributes (System.Type[])

Mono: successfully reloaded assembly
- Completed reload, in  2.682 seconds
Domain Reload Profiling:
	ReloadAssembly (3101ms)
		BeginReloadAssembly (226ms)
			ExecutionOrderSort (0ms)
			DisableScriptedObjects (14ms)
			BackupInstance (0ms)
			ReleaseScriptingObjects (0ms)
			CreateAndSetChildDomain (83ms)
		EndReloadAssembly (2737ms)
			LoadAssemblies (115ms)
			RebuildTransferFunctionScriptingTraits (0ms)
			SetupTypeCache (388ms)
			ReleaseScriptCaches (2ms)
			RebuildScriptCaches (71ms)
			SetupLoadedEditorAssemblies (1215ms)
				LogAssemblyErrors (0ms)
				InitializePlatformSupportModulesInManaged (20ms)
				SetLoadedEditorAssemblies (1ms)
				RefreshPlugins (3ms)
				BeforeProcessingInitializeOnLoad (185ms)
				ProcessInitializeOnLoadAttributes (886ms)
				ProcessInitializeOnLoadMethodAttributes (115ms)
				AfterProcessingInitializeOnLoad (5ms)
				EditorAssembliesLoaded (0ms)
			ExecutionOrderSort2 (0ms)
			AwakeInstancesAfterBackupRestoration (17ms)
Platform modules already initialized, skipping
Refreshing native plugins compatible for Editor in 4.63 ms, found 3 plugins.
Preloading 0 native plugins for Editor in 0.00 ms.
Unloading 6196 Unused Serialized files (Serialized files now loaded: 0)
Unloading 46 unused Assets / (2.7 MB). Loaded Objects now: 6964.
Memory consumption went from 328.6 MB to 326.0 MB.
Total: 25.395900 ms (FindLiveObjects: 0.616900 ms CreateObjectMapping: 0.567100 ms MarkObjects: 23.249300 ms  DeleteObjects: 0.961400 ms)

AssetImportParameters requested are different than current active one (requested -> active):
  custom:video-decoder-ogg-theora: a1e56fd34408186e4bbccfd4996cb3dc -> 
  custom:container-muxer-webm: aa71ff27fc2769a1b78a27578f13a17b -> 
  custom:container-demuxer-webm: 4f35f7cbe854078d1ac9338744f61a02 -> 
  custom:video-encoder-webm-vp8: eb34c28f22e8b96e1ab97ce403110664 -> 
  custom:audio-encoder-webm-vorbis: bf7c407c2cedff20999df2af8eb42d56 -> 
  custom:framework-win-MediaFoundation: 216162199b28c13a410421893ffa2e32 -> 
  custom:container-demuxer-ogg: 62fdf1f143b41e24485cea50d1cbac27 -> 
  custom:video-decoder-webm-vp8: 9c59270c3fd7afecdb556c50c9e8de78 -> 
  custom:audio-decoder-ogg-vorbis: bf7c407c2cedff20999df2af8eb42d56 -> 
========================================================================
Received Prepare
Registering precompiled user dll's ...
Registered in 0.007875 seconds.
Begin MonoManager ReloadAssembly
Symbol file LoadedFromMemory doesn't match image D:\Documents & projects\Unity projects\Project_TopDown\TopDownArena\Library\PackageCache\com.unity.visualscripting@1.7.8\Editor\VisualScripting.Core\Dependencies\YamlDotNet\Unity.VisualScripting.YamlDotNet.dll
Symbol file LoadedFromMemory doesn't match image D:\Documents & projects\Unity projects\Project_TopDown\TopDownArena\Library\PackageCache\com.unity.visualscripting@1.7.8\Editor\VisualScripting.Core\Dependencies\DotNetZip\Unity.VisualScripting.IonicZip.dll
Native extension for WindowsStandalone target not found
Native extension for WebGL target not found
Refreshing native plugins compatible for Editor in 1.32 ms, found 3 plugins.
Preloading 0 native plugins for Editor in 0.00 ms.
System.Exception: Error! Visual Scripting: couldn't find visual scripting package
  at Unity.VisualScripting.PackageVersionUtility.get_version () [0x00043] in D:\Documents & projects\Unity projects\Project_TopDown\TopDownArena\Library\PackageCache\com.unity.visualscripting@1.7.8\Editor\VisualScripting.Core\Utilities\PackageVersionUtility.cs:31 
  at Unity.VisualScripting.BoltCoreManifest.get_version () [0x00000] in D:\Documents & projects\Unity projects\Project_TopDown\TopDownArena\Library\PackageCache\com.unity.visualscripting@1.7.8\Editor\VisualScripting.Core\Plugin\BoltCoreManifest.cs:11 
  at Unity.VisualScripting.PluginManifest.get_currentVersion () [0x00000] in D:\Documents & projects\Unity projects\Project_TopDown\TopDownArena\Library\PackageCache\com.unity.visualscripting@1.7.8\Editor\VisualScripting.Core\Plugins\PluginManifest.cs:33 
  at Unity.VisualScripting.PluginManifest.get_versionMismatch () [0x00000] in D:\Documents & projects\Unity projects\Project_TopDown\TopDownArena\Library\PackageCache\com.unity.visualscripting@1.7.8\Editor\VisualScripting.Core\Plugins\PluginManifest.cs:48 
  at Unity.VisualScripting.PluginContainer.Initialize () [0x00525] in D:\Documents & projects\Unity projects\Project_TopDown\TopDownArena\Library\PackageCache\com.unity.visualscripting@1.7.8\Editor\VisualScripting.Core\Plugins\PluginContainer.cs:208 
  at Unity.VisualScripting.PluginContainer.InitializeOnLoad () [0x00009] in D:\Documents & projects\Unity projects\Project_TopDown\TopDownArena\Library\PackageCache\com.unity.visualscripting@1.7.8\Editor\VisualScripting.Core\Plugins\PluginContainer.cs:32 
  at Unity.VisualScripting.VSUsageUtility.DoInitializeOnLoadCalls () [0x00034] in D:\Documents & projects\Unity projects\Project_TopDown\TopDownArena\Library\PackageCache\com.unity.visualscripting@1.7.8\Editor\VisualScripting.Core\Utilities\VSUsageUtility.cs:76 
  at Unity.VisualScripting.VSUsageUtility.set_isVisualScriptingUsed (System.Boolean value) [0x0002c] in D:\Documents & projects\Unity projects\Project_TopDown\TopDownArena\Library\PackageCache\com.unity.visualscripting@1.7.8\Editor\VisualScripting.Core\Utilities\VSUsageUtility.cs:114 
  at Unity.VisualScripting.VSUsageUtility.CheckAndSetIsVisualScriptingUsed () [0x0000d] in D:\Documents & projects\Unity projects\Project_TopDown\TopDownArena\Library\PackageCache\com.unity.visualscripting@1.7.8\Editor\VisualScripting.Core\Utilities\VSUsageUtility.cs:33 
  at Unity.VisualScripting.VSUsageUtility..cctor () [0x00000] in D:\Documents & projects\Unity projects\Project_TopDown\TopDownArena\Library\PackageCache\com.unity.visualscripting@1.7.8\Editor\VisualScripting.Core\Utilities\VSUsageUtility.cs:22 
UnityEngine.StackTraceUtility:ExtractStackTrace ()
UnityEngine.DebugLogHandler:LogFormat (UnityEngine.LogType,UnityEngine.Object,string,object[])
UnityEngine.Logger:Log (UnityEngine.LogType,object)
UnityEngine.Debug:LogError (object)
UnityEditor.EditorAssemblies:ProcessInitializeOnLoadAttributes (System.Type[])

Mono: successfully reloaded assembly
- Completed reload, in  2.825 seconds
Domain Reload Profiling:
	ReloadAssembly (2826ms)
		BeginReloadAssembly (234ms)
			ExecutionOrderSort (0ms)
			DisableScriptedObjects (10ms)
			BackupInstance (0ms)
			ReleaseScriptingObjects (0ms)
			CreateAndSetChildDomain (77ms)
		EndReloadAssembly (2434ms)
			LoadAssemblies (146ms)
			RebuildTransferFunctionScriptingTraits (0ms)
			SetupTypeCache (518ms)
			ReleaseScriptCaches (3ms)
			RebuildScriptCaches (122ms)
			SetupLoadedEditorAssemblies (1164ms)
				LogAssemblyErrors (0ms)
				InitializePlatformSupportModulesInManaged (20ms)
				SetLoadedEditorAssemblies (1ms)
				RefreshPlugins (1ms)
				BeforeProcessingInitializeOnLoad (170ms)
				ProcessInitializeOnLoadAttributes (864ms)
				ProcessInitializeOnLoadMethodAttributes (104ms)
				AfterProcessingInitializeOnLoad (4ms)
				EditorAssembliesLoaded (0ms)
			ExecutionOrderSort2 (0ms)
			AwakeInstancesAfterBackupRestoration (18ms)
Platform modules already initialized, skipping
Refreshing native plugins compatible for Editor in 3.55 ms, found 3 plugins.
Preloading 0 native plugins for Editor in 0.00 ms.
Unloading 6196 Unused Serialized files (Serialized files now loaded: 0)
Unloading 46 unused Assets / (2.7 MB). Loaded Objects now: 6981.
Memory consumption went from 328.7 MB to 326.0 MB.
Total: 23.216600 ms (FindLiveObjects: 0.800500 ms CreateObjectMapping: 1.311300 ms MarkObjects: 19.469700 ms  DeleteObjects: 1.634000 ms)

AssetImportParameters requested are different than current active one (requested -> active):
  custom:video-decoder-ogg-theora: a1e56fd34408186e4bbccfd4996cb3dc -> 
  custom:container-muxer-webm: aa71ff27fc2769a1b78a27578f13a17b -> 
  custom:container-demuxer-webm: 4f35f7cbe854078d1ac9338744f61a02 -> 
  custom:video-encoder-webm-vp8: eb34c28f22e8b96e1ab97ce403110664 -> 
  custom:audio-encoder-webm-vorbis: bf7c407c2cedff20999df2af8eb42d56 -> 
  custom:framework-win-MediaFoundation: 216162199b28c13a410421893ffa2e32 -> 
  custom:container-demuxer-ogg: 62fdf1f143b41e24485cea50d1cbac27 -> 
  custom:video-decoder-webm-vp8: 9c59270c3fd7afecdb556c50c9e8de78 -> 
  custom:audio-decoder-ogg-vorbis: bf7c407c2cedff20999df2af8eb42d56 -> 
========================================================================
Received Prepare
Registering precompiled user dll's ...
Registered in 0.007492 seconds.
Begin MonoManager ReloadAssembly
Symbol file LoadedFromMemory doesn't match image D:\Documents & projects\Unity projects\Project_TopDown\TopDownArena\Library\PackageCache\com.unity.visualscripting@1.7.8\Editor\VisualScripting.Core\Dependencies\YamlDotNet\Unity.VisualScripting.YamlDotNet.dll
Symbol file LoadedFromMemory doesn't match image D:\Documents & projects\Unity projects\Project_TopDown\TopDownArena\Library\PackageCache\com.unity.visualscripting@1.7.8\Editor\VisualScripting.Core\Dependencies\DotNetZip\Unity.VisualScripting.IonicZip.dll
Native extension for WindowsStandalone target not found
Native extension for WebGL target not found
Refreshing native plugins compatible for Editor in 1.09 ms, found 3 plugins.
Preloading 0 native plugins for Editor in 0.00 ms.
System.Exception: Error! Visual Scripting: couldn't find visual scripting package
  at Unity.VisualScripting.PackageVersionUtility.get_version () [0x00043] in D:\Documents & projects\Unity projects\Project_TopDown\TopDownArena\Library\PackageCache\com.unity.visualscripting@1.7.8\Editor\VisualScripting.Core\Utilities\PackageVersionUtility.cs:31 
  at Unity.VisualScripting.BoltCoreManifest.get_version () [0x00000] in D:\Documents & projects\Unity projects\Project_TopDown\TopDownArena\Library\PackageCache\com.unity.visualscripting@1.7.8\Editor\VisualScripting.Core\Plugin\BoltCoreManifest.cs:11 
  at Unity.VisualScripting.PluginManifest.get_currentVersion () [0x00000] in D:\Documents & projects\Unity projects\Project_TopDown\TopDownArena\Library\PackageCache\com.unity.visualscripting@1.7.8\Editor\VisualScripting.Core\Plugins\PluginManifest.cs:33 
  at Unity.VisualScripting.PluginManifest.get_versionMismatch () [0x00000] in D:\Documents & projects\Unity projects\Project_TopDown\TopDownArena\Library\PackageCache\com.unity.visualscripting@1.7.8\Editor\VisualScripting.Core\Plugins\PluginManifest.cs:48 
  at Unity.VisualScripting.PluginContainer.Initialize () [0x00525] in D:\Documents & projects\Unity projects\Project_TopDown\TopDownArena\Library\PackageCache\com.unity.visualscripting@1.7.8\Editor\VisualScripting.Core\Plugins\PluginContainer.cs:208 
  at Unity.VisualScripting.PluginContainer.InitializeOnLoad () [0x00009] in D:\Documents & projects\Unity projects\Project_TopDown\TopDownArena\Library\PackageCache\com.unity.visualscripting@1.7.8\Editor\VisualScripting.Core\Plugins\PluginContainer.cs:32 
  at Unity.VisualScripting.VSUsageUtility.DoInitializeOnLoadCalls () [0x00034] in D:\Documents & projects\Unity projects\Project_TopDown\TopDownArena\Library\PackageCache\com.unity.visualscripting@1.7.8\Editor\VisualScripting.Core\Utilities\VSUsageUtility.cs:76 
  at Unity.VisualScripting.VSUsageUtility.set_isVisualScriptingUsed (System.Boolean value) [0x0002c] in D:\Documents & projects\Unity projects\Project_TopDown\TopDownArena\Library\PackageCache\com.unity.visualscripting@1.7.8\Editor\VisualScripting.Core\Utilities\VSUsageUtility.cs:114 
  at Unity.VisualScripting.VSUsageUtility.CheckAndSetIsVisualScriptingUsed () [0x0000d] in D:\Documents & projects\Unity projects\Project_TopDown\TopDownArena\Library\PackageCache\com.unity.visualscripting@1.7.8\Editor\VisualScripting.Core\Utilities\VSUsageUtility.cs:33 
  at Unity.VisualScripting.VSUsageUtility..cctor () [0x00000] in D:\Documents & projects\Unity projects\Project_TopDown\TopDownArena\Library\PackageCache\com.unity.visualscripting@1.7.8\Editor\VisualScripting.Core\Utilities\VSUsageUtility.cs:22 
UnityEngine.StackTraceUtility:ExtractStackTrace ()
UnityEngine.DebugLogHandler:LogFormat (UnityEngine.LogType,UnityEngine.Object,string,object[])
UnityEngine.Logger:Log (UnityEngine.LogType,object)
UnityEngine.Debug:LogError (object)
UnityEditor.EditorAssemblies:ProcessInitializeOnLoadAttributes (System.Type[])

Mono: successfully reloaded assembly
- Completed reload, in  2.460 seconds
Domain Reload Profiling:
	ReloadAssembly (2461ms)
		BeginReloadAssembly (213ms)
			ExecutionOrderSort (0ms)
			DisableScriptedObjects (7ms)
			BackupInstance (0ms)
			ReleaseScriptingObjects (0ms)
			CreateAndSetChildDomain (61ms)
		EndReloadAssembly (2114ms)
			LoadAssemblies (166ms)
			RebuildTransferFunctionScriptingTraits (0ms)
			SetupTypeCache (385ms)
			ReleaseScriptCaches (2ms)
			RebuildScriptCaches (74ms)
			SetupLoadedEditorAssemblies (872ms)
				LogAssemblyErrors (0ms)
				InitializePlatformSupportModulesInManaged (14ms)
				SetLoadedEditorAssemblies (0ms)
				RefreshPlugins (1ms)
				BeforeProcessingInitializeOnLoad (136ms)
				ProcessInitializeOnLoadAttributes (626ms)
				ProcessInitializeOnLoadMethodAttributes (91ms)
				AfterProcessingInitializeOnLoad (3ms)
				EditorAssembliesLoaded (0ms)
			ExecutionOrderSort2 (0ms)
			AwakeInstancesAfterBackupRestoration (10ms)
Platform modules already initialized, skipping
Refreshing native plugins compatible for Editor in 4.76 ms, found 3 plugins.
Preloading 0 native plugins for Editor in 0.00 ms.
Unloading 6196 Unused Serialized files (Serialized files now loaded: 0)
Unloading 46 unused Assets / (2.7 MB). Loaded Objects now: 6998.
Memory consumption went from 328.7 MB to 326.0 MB.
Total: 22.223700 ms (FindLiveObjects: 1.103900 ms CreateObjectMapping: 0.689000 ms MarkObjects: 19.638200 ms  DeleteObjects: 0.791200 ms)

AssetImportParameters requested are different than current active one (requested -> active):
  custom:video-decoder-ogg-theora: a1e56fd34408186e4bbccfd4996cb3dc -> 
  custom:container-muxer-webm: aa71ff27fc2769a1b78a27578f13a17b -> 
  custom:container-demuxer-webm: 4f35f7cbe854078d1ac9338744f61a02 -> 
  custom:video-encoder-webm-vp8: eb34c28f22e8b96e1ab97ce403110664 -> 
  custom:audio-encoder-webm-vorbis: bf7c407c2cedff20999df2af8eb42d56 -> 
  custom:framework-win-MediaFoundation: 216162199b28c13a410421893ffa2e32 -> 
  custom:container-demuxer-ogg: 62fdf1f143b41e24485cea50d1cbac27 -> 
  custom:video-decoder-webm-vp8: 9c59270c3fd7afecdb556c50c9e8de78 -> 
  custom:audio-decoder-ogg-vorbis: bf7c407c2cedff20999df2af8eb42d56 -> 
========================================================================
Received Prepare
Registering precompiled user dll's ...
Registered in 0.012469 seconds.
Begin MonoManager ReloadAssembly
Symbol file LoadedFromMemory doesn't match image D:\Documents & projects\Unity projects\Project_TopDown\TopDownArena\Library\PackageCache\com.unity.visualscripting@1.7.8\Editor\VisualScripting.Core\Dependencies\YamlDotNet\Unity.VisualScripting.YamlDotNet.dll
Symbol file LoadedFromMemory doesn't match image D:\Documents & projects\Unity projects\Project_TopDown\TopDownArena\Library\PackageCache\com.unity.visualscripting@1.7.8\Editor\VisualScripting.Core\Dependencies\DotNetZip\Unity.VisualScripting.IonicZip.dll
Native extension for WindowsStandalone target not found
Native extension for WebGL target not found
Refreshing native plugins compatible for Editor in 2.52 ms, found 3 plugins.
Preloading 0 native plugins for Editor in 0.00 ms.
System.Exception: Error! Visual Scripting: couldn't find visual scripting package
  at Unity.VisualScripting.PackageVersionUtility.get_version () [0x00043] in D:\Documents & projects\Unity projects\Project_TopDown\TopDownArena\Library\PackageCache\com.unity.visualscripting@1.7.8\Editor\VisualScripting.Core\Utilities\PackageVersionUtility.cs:31 
  at Unity.VisualScripting.BoltCoreManifest.get_version () [0x00000] in D:\Documents & projects\Unity projects\Project_TopDown\TopDownArena\Library\PackageCache\com.unity.visualscripting@1.7.8\Editor\VisualScripting.Core\Plugin\BoltCoreManifest.cs:11 
  at Unity.VisualScripting.PluginManifest.get_currentVersion () [0x00000] in D:\Documents & projects\Unity projects\Project_TopDown\TopDownArena\Library\PackageCache\com.unity.visualscripting@1.7.8\Editor\VisualScripting.Core\Plugins\PluginManifest.cs:33 
  at Unity.VisualScripting.PluginManifest.get_versionMismatch () [0x00000] in D:\Documents & projects\Unity projects\Project_TopDown\TopDownArena\Library\PackageCache\com.unity.visualscripting@1.7.8\Editor\VisualScripting.Core\Plugins\PluginManifest.cs:48 
  at Unity.VisualScripting.PluginContainer.Initialize () [0x00525] in D:\Documents & projects\Unity projects\Project_TopDown\TopDownArena\Library\PackageCache\com.unity.visualscripting@1.7.8\Editor\VisualScripting.Core\Plugins\PluginContainer.cs:208 
  at Unity.VisualScripting.PluginContainer.InitializeOnLoad () [0x00009] in D:\Documents & projects\Unity projects\Project_TopDown\TopDownArena\Library\PackageCache\com.unity.visualscripting@1.7.8\Editor\VisualScripting.Core\Plugins\PluginContainer.cs:32 
  at Unity.VisualScripting.VSUsageUtility.DoInitializeOnLoadCalls () [0x00034] in D:\Documents & projects\Unity projects\Project_TopDown\TopDownArena\Library\PackageCache\com.unity.visualscripting@1.7.8\Editor\VisualScripting.Core\Utilities\VSUsageUtility.cs:76 
  at Unity.VisualScripting.VSUsageUtility.set_isVisualScriptingUsed (System.Boolean value) [0x0002c] in D:\Documents & projects\Unity projects\Project_TopDown\TopDownArena\Library\PackageCache\com.unity.visualscripting@1.7.8\Editor\VisualScripting.Core\Utilities\VSUsageUtility.cs:114 
  at Unity.VisualScripting.VSUsageUtility.CheckAndSetIsVisualScriptingUsed () [0x0000d] in D:\Documents & projects\Unity projects\Project_TopDown\TopDownArena\Library\PackageCache\com.unity.visualscripting@1.7.8\Editor\VisualScripting.Core\Utilities\VSUsageUtility.cs:33 
  at Unity.VisualScripting.VSUsageUtility..cctor () [0x00000] in D:\Documents & projects\Unity projects\Project_TopDown\TopDownArena\Library\PackageCache\com.unity.visualscripting@1.7.8\Editor\VisualScripting.Core\Utilities\VSUsageUtility.cs:22 
UnityEngine.StackTraceUtility:ExtractStackTrace ()
UnityEngine.DebugLogHandler:LogFormat (UnityEngine.LogType,UnityEngine.Object,string,object[])
UnityEngine.Logger:Log (UnityEngine.LogType,object)
UnityEngine.Debug:LogError (object)
UnityEditor.EditorAssemblies:ProcessInitializeOnLoadAttributes (System.Type[])

Mono: successfully reloaded assembly
- Completed reload, in  3.274 seconds
Domain Reload Profiling:
	ReloadAssembly (3275ms)
		BeginReloadAssembly (288ms)
			ExecutionOrderSort (0ms)
			DisableScriptedObjects (10ms)
			BackupInstance (0ms)
			ReleaseScriptingObjects (0ms)
			CreateAndSetChildDomain (97ms)
		EndReloadAssembly (2810ms)
			LoadAssemblies (191ms)
			RebuildTransferFunctionScriptingTraits (0ms)
			SetupTypeCache (667ms)
			ReleaseScriptCaches (5ms)
			RebuildScriptCaches (146ms)
			SetupLoadedEditorAssemblies (1240ms)
				LogAssemblyErrors (0ms)
				InitializePlatformSupportModulesInManaged (21ms)
				SetLoadedEditorAssemblies (1ms)
				RefreshPlugins (3ms)
				BeforeProcessingInitializeOnLoad (191ms)
				ProcessInitializeOnLoadAttributes (890ms)
				ProcessInitializeOnLoadMethodAttributes (129ms)
				AfterProcessingInitializeOnLoad (5ms)
				EditorAssembliesLoaded (0ms)
			ExecutionOrderSort2 (0ms)
			AwakeInstancesAfterBackupRestoration (20ms)
Platform modules already initialized, skipping
Refreshing native plugins compatible for Editor in 3.75 ms, found 3 plugins.
Preloading 0 native plugins for Editor in 0.00 ms.
Unloading 6196 Unused Serialized files (Serialized files now loaded: 0)
Unloading 46 unused Assets / (2.7 MB). Loaded Objects now: 7015.
Memory consumption went from 328.7 MB to 326.0 MB.
Total: 22.525700 ms (FindLiveObjects: 0.805700 ms CreateObjectMapping: 0.650300 ms MarkObjects: 20.081300 ms  DeleteObjects: 0.987100 ms)

AssetImportParameters requested are different than current active one (requested -> active):
  custom:video-decoder-ogg-theora: a1e56fd34408186e4bbccfd4996cb3dc -> 
  custom:container-muxer-webm: aa71ff27fc2769a1b78a27578f13a17b -> 
  custom:container-demuxer-webm: 4f35f7cbe854078d1ac9338744f61a02 -> 
  custom:video-encoder-webm-vp8: eb34c28f22e8b96e1ab97ce403110664 -> 
  custom:audio-encoder-webm-vorbis: bf7c407c2cedff20999df2af8eb42d56 -> 
  custom:framework-win-MediaFoundation: 216162199b28c13a410421893ffa2e32 -> 
  custom:container-demuxer-ogg: 62fdf1f143b41e24485cea50d1cbac27 -> 
  custom:video-decoder-webm-vp8: 9c59270c3fd7afecdb556c50c9e8de78 -> 
  custom:audio-decoder-ogg-vorbis: bf7c407c2cedff20999df2af8eb42d56 -> 
========================================================================
Received Prepare
Registering precompiled user dll's ...
Registered in 0.007842 seconds.
Begin MonoManager ReloadAssembly
Symbol file LoadedFromMemory doesn't match image D:\Documents & projects\Unity projects\Project_TopDown\TopDownArena\Library\PackageCache\com.unity.visualscripting@1.7.8\Editor\VisualScripting.Core\Dependencies\YamlDotNet\Unity.VisualScripting.YamlDotNet.dll
Symbol file LoadedFromMemory doesn't match image D:\Documents & projects\Unity projects\Project_TopDown\TopDownArena\Library\PackageCache\com.unity.visualscripting@1.7.8\Editor\VisualScripting.Core\Dependencies\DotNetZip\Unity.VisualScripting.IonicZip.dll
Native extension for WindowsStandalone target not found
Native extension for WebGL target not found
Refreshing native plugins compatible for Editor in 1.30 ms, found 3 plugins.
Preloading 0 native plugins for Editor in 0.00 ms.
System.Exception: Error! Visual Scripting: couldn't find visual scripting package
  at Unity.VisualScripting.PackageVersionUtility.get_version () [0x00043] in D:\Documents & projects\Unity projects\Project_TopDown\TopDownArena\Library\PackageCache\com.unity.visualscripting@1.7.8\Editor\VisualScripting.Core\Utilities\PackageVersionUtility.cs:31 
  at Unity.VisualScripting.BoltCoreManifest.get_version () [0x00000] in D:\Documents & projects\Unity projects\Project_TopDown\TopDownArena\Library\PackageCache\com.unity.visualscripting@1.7.8\Editor\VisualScripting.Core\Plugin\BoltCoreManifest.cs:11 
  at Unity.VisualScripting.PluginManifest.get_currentVersion () [0x00000] in D:\Documents & projects\Unity projects\Project_TopDown\TopDownArena\Library\PackageCache\com.unity.visualscripting@1.7.8\Editor\VisualScripting.Core\Plugins\PluginManifest.cs:33 
  at Unity.VisualScripting.PluginManifest.get_versionMismatch () [0x00000] in D:\Documents & projects\Unity projects\Project_TopDown\TopDownArena\Library\PackageCache\com.unity.visualscripting@1.7.8\Editor\VisualScripting.Core\Plugins\PluginManifest.cs:48 
  at Unity.VisualScripting.PluginContainer.Initialize () [0x00525] in D:\Documents & projects\Unity projects\Project_TopDown\TopDownArena\Library\PackageCache\com.unity.visualscripting@1.7.8\Editor\VisualScripting.Core\Plugins\PluginContainer.cs:208 
  at Unity.VisualScripting.PluginContainer.InitializeOnLoad () [0x00009] in D:\Documents & projects\Unity projects\Project_TopDown\TopDownArena\Library\PackageCache\com.unity.visualscripting@1.7.8\Editor\VisualScripting.Core\Plugins\PluginContainer.cs:32 
  at Unity.VisualScripting.VSUsageUtility.DoInitializeOnLoadCalls () [0x00034] in D:\Documents & projects\Unity projects\Project_TopDown\TopDownArena\Library\PackageCache\com.unity.visualscripting@1.7.8\Editor\VisualScripting.Core\Utilities\VSUsageUtility.cs:76 
  at Unity.VisualScripting.VSUsageUtility.set_isVisualScriptingUsed (System.Boolean value) [0x0002c] in D:\Documents & projects\Unity projects\Project_TopDown\TopDownArena\Library\PackageCache\com.unity.visualscripting@1.7.8\Editor\VisualScripting.Core\Utilities\VSUsageUtility.cs:114 
  at Unity.VisualScripting.VSUsageUtility.CheckAndSetIsVisualScriptingUsed () [0x0000d] in D:\Documents & projects\Unity projects\Project_TopDown\TopDownArena\Library\PackageCache\com.unity.visualscripting@1.7.8\Editor\VisualScripting.Core\Utilities\VSUsageUtility.cs:33 
  at Unity.VisualScripting.VSUsageUtility..cctor () [0x00000] in D:\Documents & projects\Unity projects\Project_TopDown\TopDownArena\Library\PackageCache\com.unity.visualscripting@1.7.8\Editor\VisualScripting.Core\Utilities\VSUsageUtility.cs:22 
UnityEngine.StackTraceUtility:ExtractStackTrace ()
UnityEngine.DebugLogHandler:LogFormat (UnityEngine.LogType,UnityEngine.Object,string,object[])
UnityEngine.Logger:Log (UnityEngine.LogType,object)
UnityEngine.Debug:LogError (object)
UnityEditor.EditorAssemblies:ProcessInitializeOnLoadAttributes (System.Type[])

Mono: successfully reloaded assembly
- Completed reload, in  2.250 seconds
Domain Reload Profiling:
	ReloadAssembly (2251ms)
		BeginReloadAssembly (175ms)
			ExecutionOrderSort (0ms)
			DisableScriptedObjects (6ms)
			BackupInstance (0ms)
			ReleaseScriptingObjects (0ms)
			CreateAndSetChildDomain (49ms)
		EndReloadAssembly (1943ms)
			LoadAssemblies (140ms)
			RebuildTransferFunctionScriptingTraits (0ms)
			SetupTypeCache (452ms)
			ReleaseScriptCaches (2ms)
			RebuildScriptCaches (91ms)
			SetupLoadedEditorAssemblies (893ms)
				LogAssemblyErrors (0ms)
				InitializePlatformSupportModulesInManaged (18ms)
				SetLoadedEditorAssemblies (1ms)
				RefreshPlugins (1ms)
				BeforeProcessingInitializeOnLoad (133ms)
				ProcessInitializeOnLoadAttributes (646ms)
				ProcessInitializeOnLoadMethodAttributes (89ms)
				AfterProcessingInitializeOnLoad (4ms)
				EditorAssembliesLoaded (0ms)
			ExecutionOrderSort2 (0ms)
			AwakeInstancesAfterBackupRestoration (13ms)
Platform modules already initialized, skipping
Refreshing native plugins compatible for Editor in 4.33 ms, found 3 plugins.
Preloading 0 native plugins for Editor in 0.00 ms.
Unloading 6196 Unused Serialized files (Serialized files now loaded: 0)
Unloading 46 unused Assets / (2.7 MB). Loaded Objects now: 7032.
Memory consumption went from 328.7 MB to 326.1 MB.
Total: 21.225100 ms (FindLiveObjects: 1.471800 ms CreateObjectMapping: 0.630700 ms MarkObjects: 17.891700 ms  DeleteObjects: 1.229100 ms)

AssetImportParameters requested are different than current active one (requested -> active):
  custom:video-decoder-ogg-theora: a1e56fd34408186e4bbccfd4996cb3dc -> 
  custom:container-muxer-webm: aa71ff27fc2769a1b78a27578f13a17b -> 
  custom:container-demuxer-webm: 4f35f7cbe854078d1ac9338744f61a02 -> 
  custom:video-encoder-webm-vp8: eb34c28f22e8b96e1ab97ce403110664 -> 
  custom:audio-encoder-webm-vorbis: bf7c407c2cedff20999df2af8eb42d56 -> 
  custom:framework-win-MediaFoundation: 216162199b28c13a410421893ffa2e32 -> 
  custom:container-demuxer-ogg: 62fdf1f143b41e24485cea50d1cbac27 -> 
  custom:video-decoder-webm-vp8: 9c59270c3fd7afecdb556c50c9e8de78 -> 
  custom:audio-decoder-ogg-vorbis: bf7c407c2cedff20999df2af8eb42d56 -> 
